"carriageway name","Date","Time","Flow rate","Avg speed [km/h]","Density","Occupancy [%]"
"Mellieħa - Triq il-Marfa","01/09/2023","00:00 - 01:00","57","104","0.547","0.2%"
"Mellieħa - Triq il-Marfa","01/09/2023","01:00 - 02:00","45","101","0.446","0.2%"
"Mellieħa - Triq il-Marfa","01/09/2023","02:00 - 03:00","39","106","0.369","0.1%"
"Mellieħa - Triq il-Marfa","01/09/2023","03:00 - 04:00","39","94","0.413","0.2%"
"Mellieħa - Triq il-Marfa","01/09/2023","04:00 - 05:00","58","94","0.616","0.2%"
"Mellieħa - Triq il-Marfa","01/09/2023","05:00 - 06:00","157","101","1.555","0.6%"
"Mellieħa - Triq il-Marfa","01/09/2023","06:00 - 07:00","365","103","3.531","1%"
"Mellieħa - Triq il-Marfa","01/09/2023","07:00 - 08:00","331","101","3.264","1%"
"Mellieħa - Triq il-Marfa","01/09/2023","08:00 - 09:00","443","100","4.415","2%"
"Mellieħa - Triq il-Marfa","01/09/2023","09:00 - 10:00","373","98","3.792","2%"
"Mellieħa - Triq il-Marfa","01/09/2023","10:00 - 11:00","348","91","3.818","2%"
"Mellieħa - Triq il-Marfa","01/09/2023","11:00 - 12:00","358","96","3.715","1%"
"Mellieħa - Triq il-Marfa","01/09/2023","12:00 - 13:00","357","92","3.879","2%"
"Mellieħa - Triq il-Marfa","01/09/2023","13:00 - 14:00","389","97","3.991","2%"
"Mellieħa - Triq il-Marfa","01/09/2023","14:00 - 15:00","301","97","3.088","1%"
"Mellieħa - Triq il-Marfa","01/09/2023","15:00 - 16:00","338","95","3.539","1%"
"Mellieħa - Triq il-Marfa","01/09/2023","16:00 - 17:00","356","92","3.863","2%"
"Mellieħa - Triq il-Marfa","01/09/2023","17:00 - 18:00","386","88","4.373","2%"
"Mellieħa - Triq il-Marfa","01/09/2023","18:00 - 19:00","343","93","3.692","1%"
"Mellieħa - Triq il-Marfa","01/09/2023","19:00 - 20:00","411","90","4.585","2%"
"Mellieħa - Triq il-Marfa","01/09/2023","20:00 - 21:00","326","88","3.685","1%"
"Mellieħa - Triq il-Marfa","01/09/2023","21:00 - 22:00","353","92","3.834","2%"
"Mellieħa - Triq il-Marfa","01/09/2023","22:00 - 23:00","289","98","2.948","1%"
"Mellieħa - Triq il-Marfa","01/09/2023","23:00 - 24:00","290","97","2.979","1%"
"Mellieħa - Triq il-Marfa","02/09/2023","00:00 - 01:00","218","104","2.097","0.8%"
"Mellieħa - Triq il-Marfa","02/09/2023","01:00 - 02:00","112","95","1.182","0.5%"
"Mellieħa - Triq il-Marfa","02/09/2023","02:00 - 03:00","68","104","0.651","0.3%"
"Mellieħa - Triq il-Marfa","02/09/2023","03:00 - 04:00","40","96","0.417","0.2%"
"Mellieħa - Triq il-Marfa","02/09/2023","04:00 - 05:00","45","105","0.429","0.2%"
"Mellieħa - Triq il-Marfa","02/09/2023","05:00 - 06:00","121","98","1.229","0.5%"
"Mellieħa - Triq il-Marfa","02/09/2023","06:00 - 07:00","335","104","3.222","1%"
"Mellieħa - Triq il-Marfa","02/09/2023","07:00 - 08:00","339","103","3.277","1%"
"Mellieħa - Triq il-Marfa","02/09/2023","08:00 - 09:00","351","98","3.593","1%"
"Mellieħa - Triq il-Marfa","02/09/2023","09:00 - 10:00","271","99","2.747","1%"
"Mellieħa - Triq il-Marfa","02/09/2023","10:00 - 11:00","269","94","2.863","1%"
"Mellieħa - Triq il-Marfa","02/09/2023","11:00 - 12:00","341","93","3.669","1%"
"Mellieħa - Triq il-Marfa","02/09/2023","12:00 - 13:00","286","93","3.062","1%"
"Mellieħa - Triq il-Marfa","02/09/2023","13:00 - 14:00","287","97","2.952","1%"
"Mellieħa - Triq il-Marfa","02/09/2023","14:00 - 15:00","273","92","2.974","1%"
"Mellieħa - Triq il-Marfa","02/09/2023","15:00 - 16:00","312","97","3.233","1%"
"Mellieħa - Triq il-Marfa","02/09/2023","16:00 - 17:00","268","86","3.099","1%"
"Mellieħa - Triq il-Marfa","02/09/2023","17:00 - 18:00","274","86","3.189","1%"
"Mellieħa - Triq il-Marfa","02/09/2023","18:00 - 19:00","322","89","3.611","1%"
"Mellieħa - Triq il-Marfa","02/09/2023","19:00 - 20:00","295","87","3.388","1%"
"Mellieħa - Triq il-Marfa","02/09/2023","20:00 - 21:00","312","90","3.481","1%"
"Mellieħa - Triq il-Marfa","02/09/2023","21:00 - 22:00","279","93","2.985","1%"
"Mellieħa - Triq il-Marfa","02/09/2023","22:00 - 23:00","279","94","2.963","1%"
"Mellieħa - Triq il-Marfa","02/09/2023","23:00 - 24:00","253","99","2.549","1%"
"Mellieħa - Triq il-Marfa","03/09/2023","00:00 - 01:00","241","106","2.277","0.9%"
"Mellieħa - Triq il-Marfa","03/09/2023","01:00 - 02:00","132","106","1.246","0.5%"
"Mellieħa - Triq il-Marfa","03/09/2023","02:00 - 03:00","60","103","0.584","0.2%"
"Mellieħa - Triq il-Marfa","03/09/2023","03:00 - 04:00","58","120","0.484","0.2%"
"Mellieħa - Triq il-Marfa","03/09/2023","04:00 - 05:00","66","97","0.680","0.3%"
"Mellieħa - Triq il-Marfa","03/09/2023","05:00 - 06:00","102","94","1.087","0.4%"
"Mellieħa - Triq il-Marfa","03/09/2023","06:00 - 07:00","295","98","3.002","1%"
"Mellieħa - Triq il-Marfa","03/09/2023","07:00 - 08:00","291","104","2.793","1%"
"Mellieħa - Triq il-Marfa","03/09/2023","08:00 - 09:00","264","100","2.640","1%"
"Mellieħa - Triq il-Marfa","03/09/2023","09:00 - 10:00","259","94","2.747","1%"
"Mellieħa - Triq il-Marfa","03/09/2023","10:00 - 11:00","275","89","3.085","1%"
"Mellieħa - Triq il-Marfa","03/09/2023","11:00 - 12:00","244","85","2.886","1%"
"Mellieħa - Triq il-Marfa","03/09/2023","12:00 - 13:00","277","90","3.087","1%"
"Mellieħa - Triq il-Marfa","03/09/2023","13:00 - 14:00","255","92","2.767","1%"
"Mellieħa - Triq il-Marfa","03/09/2023","14:00 - 15:00","237","77","3.083","1%"
"Mellieħa - Triq il-Marfa","03/09/2023","15:00 - 16:00","242","74","3.257","1%"
"Mellieħa - Triq il-Marfa","03/09/2023","16:00 - 17:00","173","77","2.252","0.9%"
"Mellieħa - Triq il-Marfa","07/09/2023","00:00 - 01:00","59","106","0.558","0.2%"
"Mellieħa - Triq il-Marfa","07/09/2023","01:00 - 02:00","41","111","0.370","0.1%"
"Mellieħa - Triq il-Marfa","07/09/2023","02:00 - 03:00","39","101","0.386","0.2%"
"Mellieħa - Triq il-Marfa","07/09/2023","03:00 - 04:00","50","103","0.487","0.2%"
"Mellieħa - Triq il-Marfa","07/09/2023","04:00 - 05:00","114","103","1.110","0.4%"
"Mellieħa - Triq il-Marfa","07/09/2023","05:00 - 06:00","184","97","1.891","0.8%"
"Mellieħa - Triq il-Marfa","07/09/2023","06:00 - 07:00","574","96","5.956","2%"
"Mellieħa - Triq il-Marfa","07/09/2023","07:00 - 08:00","725","103","7.049","3%"
"Mellieħa - Triq il-Marfa","07/09/2023","08:00 - 09:00","694","95","7.269","3%"
"Mellieħa - Triq il-Marfa","07/09/2023","09:00 - 10:00","972","94","10.320","4%"
"Mellieħa - Triq il-Marfa","07/09/2023","10:00 - 11:00","938","95","9.840","4%"
"Mellieħa - Triq il-Marfa","07/09/2023","11:00 - 12:00","919","90","10.155","4%"
"Mellieħa - Triq il-Marfa","07/09/2023","12:00 - 13:00","979","92","10.692","4%"
"Mellieħa - Triq il-Marfa","07/09/2023","13:00 - 14:00","992","95","10.456","4%"
"Mellieħa - Triq il-Marfa","07/09/2023","14:00 - 15:00","996","98","10.193","4%"
"Mellieħa - Triq il-Marfa","07/09/2023","15:00 - 16:00","979","97","10.088","4%"
"Mellieħa - Triq il-Marfa","07/09/2023","16:00 - 17:00","1080","97","11.122","4%"
"Mellieħa - Triq il-Marfa","07/09/2023","17:00 - 18:00","926","99","9.348","4%"
"Mellieħa - Triq il-Marfa","07/09/2023","18:00 - 19:00","1081","94","11.530","5%"
"Mellieħa - Triq il-Marfa","07/09/2023","19:00 - 20:00","884","100","8.821","4%"
"Mellieħa - Triq il-Marfa","07/09/2023","20:00 - 21:00","604","86","7.046","3%"
"Mellieħa - Triq il-Marfa","07/09/2023","21:00 - 22:00","331","93","3.551","1%"
"Mellieħa - Triq il-Marfa","07/09/2023","22:00 - 23:00","318","94","3.378","1%"
"Mellieħa - Triq il-Marfa","07/09/2023","23:00 - 24:00","251","100","2.511","1%"
"Mellieħa - Triq il-Marfa","08/09/2023","00:00 - 01:00","143","104","1.372","0.5%"
"Mellieħa - Triq il-Marfa","08/09/2023","01:00 - 02:00","82","103","0.800","0.3%"
"Mellieħa - Triq il-Marfa","08/09/2023","02:00 - 03:00","67","101","0.663","0.3%"
"Mellieħa - Triq il-Marfa","08/09/2023","03:00 - 04:00","73","99","0.740","0.3%"
"Mellieħa - Triq il-Marfa","08/09/2023","04:00 - 05:00","97","103","0.944","0.4%"
"Mellieħa - Triq il-Marfa","08/09/2023","05:00 - 06:00","201","100","2.015","0.8%"
"Mellieħa - Triq il-Marfa","08/09/2023","06:00 - 07:00","354","103","3.434","1%"
"Mellieħa - Triq il-Marfa","08/09/2023","07:00 - 08:00","578","102","5.668","2%"
"Mellieħa - Triq il-Marfa","08/09/2023","08:00 - 09:00","778","101","7.669","3%"
"Mellieħa - Triq il-Marfa","08/09/2023","09:00 - 10:00","922","100","9.191","4%"
"Mellieħa - Triq il-Marfa","08/09/2023","10:00 - 11:00","1179","96","12.290","5%"
"Mellieħa - Triq il-Marfa","08/09/2023","11:00 - 12:00","1139","91","12.489","5%"
"Mellieħa - Triq il-Marfa","08/09/2023","12:00 - 13:00","1014","92","11.006","4%"
"Mellieħa - Triq il-Marfa","08/09/2023","13:00 - 14:00","926","92","10.090","4%"
"Mellieħa - Triq il-Marfa","08/09/2023","14:00 - 15:00","916","91","10.049","4%"
"Mellieħa - Triq il-Marfa","08/09/2023","15:00 - 16:00","800","86","9.275","4%"
"Mellieħa - Triq il-Marfa","08/09/2023","16:00 - 17:00","927","93","10.006","4%"
"Mellieħa - Triq il-Marfa","08/09/2023","17:00 - 18:00","981","92","10.633","4%"
"Mellieħa - Triq il-Marfa","08/09/2023","18:00 - 19:00","833","92","9.020","4%"
"Mellieħa - Triq il-Marfa","08/09/2023","19:00 - 20:00","702","93","7.554","3%"
"Mellieħa - Triq il-Marfa","08/09/2023","20:00 - 21:00","529","91","5.787","2%"
"Mellieħa - Triq il-Marfa","08/09/2023","21:00 - 22:00","394","97","4.041","2%"
"Mellieħa - Triq il-Marfa","08/09/2023","22:00 - 23:00","405","99","4.090","2%"
"Mellieħa - Triq il-Marfa","08/09/2023","23:00 - 24:00","374","104","3.592","1%"
"Mellieħa - Triq il-Marfa","09/09/2023","00:00 - 01:00","193","97","1.996","0.8%"
"Mellieħa - Triq il-Marfa","09/09/2023","01:00 - 02:00","79","108","0.731","0.3%"
"Mellieħa - Triq il-Marfa","09/09/2023","02:00 - 03:00","55","106","0.520","0.2%"
"Mellieħa - Triq il-Marfa","09/09/2023","03:00 - 04:00","102","104","0.985","0.4%"
"Mellieħa - Triq il-Marfa","09/09/2023","04:00 - 05:00","106","101","1.046","0.4%"
"Mellieħa - Triq il-Marfa","09/09/2023","05:00 - 06:00","222","101","2.198","0.9%"
"Mellieħa - Triq il-Marfa","09/09/2023","06:00 - 07:00","409","101","4.063","2%"
"Mellieħa - Triq il-Marfa","09/09/2023","07:00 - 08:00","462","105","4.385","2%"
"Mellieħa - Triq il-Marfa","09/09/2023","08:00 - 09:00","587","101","5.802","2%"
"Mellieħa - Triq il-Marfa","09/09/2023","09:00 - 10:00","523","98","5.336","2%"
"Mellieħa - Triq il-Marfa","09/09/2023","10:00 - 11:00","381","101","3.787","2%"
"Mellieħa - Triq il-Marfa","09/09/2023","11:00 - 12:00","462","93","4.942","2%"
"Mellieħa - Triq il-Marfa","09/09/2023","12:00 - 13:00","364","94","3.852","2%"
"Mellieħa - Triq il-Marfa","09/09/2023","13:00 - 14:00","335","91","3.700","1%"
"Mellieħa - Triq il-Marfa","09/09/2023","14:00 - 15:00","502","91","5.530","2%"
"Mellieħa - Triq il-Marfa","09/09/2023","15:00 - 16:00","429","83","5.148","2%"
"Mellieħa - Triq il-Marfa","09/09/2023","16:00 - 17:00","408","90","4.517","2%"
"Mellieħa - Triq il-Marfa","09/09/2023","17:00 - 18:00","381","95","4.003","2%"
"Mellieħa - Triq il-Marfa","09/09/2023","18:00 - 19:00","379","87","4.333","2%"
"Mellieħa - Triq il-Marfa","09/09/2023","19:00 - 20:00","288","87","3.308","1%"
"Mellieħa - Triq il-Marfa","09/09/2023","20:00 - 21:00","281","90","3.130","1%"
"Mellieħa - Triq il-Marfa","09/09/2023","21:00 - 22:00","413","95","4.328","2%"
"Mellieħa - Triq il-Marfa","09/09/2023","22:00 - 23:00","344","92","3.753","2%"
"Mellieħa - Triq il-Marfa","09/09/2023","23:00 - 24:00","346","104","3.326","1%"
"Mellieħa - Triq il-Marfa","10/09/2023","00:00 - 01:00","296","105","2.815","1%"
"Mellieħa - Triq il-Marfa","10/09/2023","01:00 - 02:00","213","102","2.096","0.8%"
"Mellieħa - Triq il-Marfa","10/09/2023","02:00 - 03:00","115","107","1.071","0.4%"
"Mellieħa - Triq il-Marfa","10/09/2023","03:00 - 04:00","85","107","0.796","0.3%"
"Mellieħa - Triq il-Marfa","10/09/2023","04:00 - 05:00","106","105","1.010","0.4%"
"Mellieħa - Triq il-Marfa","10/09/2023","05:00 - 06:00","186","98","1.898","0.8%"
"Mellieħa - Triq il-Marfa","10/09/2023","06:00 - 07:00","270","103","2.612","1%"
"Mellieħa - Triq il-Marfa","10/09/2023","07:00 - 08:00","303","101","3.011","1%"
"Mellieħa - Triq il-Marfa","10/09/2023","08:00 - 09:00","338","104","3.249","1%"
"Mellieħa - Triq il-Marfa","10/09/2023","09:00 - 10:00","281","104","2.703","1%"
"Mellieħa - Triq il-Marfa","10/09/2023","10:00 - 11:00","291","92","3.168","1%"
"Mellieħa - Triq il-Marfa","10/09/2023","11:00 - 12:00","275","84","3.274","1%"
"Mellieħa - Triq il-Marfa","10/09/2023","12:00 - 13:00","246","84","2.929","1%"
"Mellieħa - Triq il-Marfa","10/09/2023","13:00 - 14:00","283","80","3.520","1%"
"Mellieħa - Triq il-Marfa","10/09/2023","14:00 - 15:00","358","70","5.129","2%"
"Mellieħa - Triq il-Marfa","10/09/2023","15:00 - 16:00","262","69","3.770","2%"
"Mellieħa - Triq il-Marfa","10/09/2023","16:00 - 17:00","324","71","4.553","2%"
"Mellieħa - Triq il-Marfa","10/09/2023","17:00 - 18:00","295","67","4.387","2%"
"Mellieħa - Triq il-Marfa","10/09/2023","18:00 - 19:00","354","71","4.970","2%"
"Mellieħa - Triq il-Marfa","10/09/2023","19:00 - 20:00","297","76","3.902","2%"
"Mellieħa - Triq il-Marfa","10/09/2023","20:00 - 21:00","261","81","3.236","1%"
"Mellieħa - Triq il-Marfa","10/09/2023","21:00 - 22:00","218","88","2.476","1.0%"
"Mellieħa - Triq il-Marfa","10/09/2023","22:00 - 23:00","265","94","2.814","1%"
"Mellieħa - Triq il-Marfa","10/09/2023","23:00 - 24:00","171","96","1.779","0.7%"
"Mellieħa - Triq il-Marfa","11/09/2023","00:00 - 01:00","142","104","1.371","0.5%"
"Mellieħa - Triq il-Marfa","11/09/2023","01:00 - 02:00","98","108","0.912","0.4%"
"Mellieħa - Triq il-Marfa","11/09/2023","02:00 - 03:00","81","101","0.800","0.3%"
"Mellieħa - Triq il-Marfa","11/09/2023","03:00 - 04:00","84","109","0.773","0.3%"
"Mellieħa - Triq il-Marfa","11/09/2023","04:00 - 05:00","131","99","1.324","0.5%"
"Mellieħa - Triq il-Marfa","11/09/2023","05:00 - 06:00","179","98","1.819","0.7%"
"Mellieħa - Triq il-Marfa","11/09/2023","06:00 - 07:00","236","101","2.341","0.9%"
"Mellieħa - Triq il-Marfa","11/09/2023","07:00 - 08:00","234","104","2.242","0.9%"
"Mellieħa - Triq il-Marfa","11/09/2023","08:00 - 09:00","306","97","3.151","1%"
"Mellieħa - Triq il-Marfa","11/09/2023","09:00 - 10:00","273","92","2.956","1%"
"Mellieħa - Triq il-Marfa","11/09/2023","10:00 - 11:00","266","96","2.779","1%"
"Mellieħa - Triq il-Marfa","11/09/2023","11:00 - 12:00","268","97","2.772","1%"
"Mellieħa - Triq il-Marfa","11/09/2023","12:00 - 13:00","306","91","3.358","1%"
"Mellieħa - Triq il-Marfa","11/09/2023","13:00 - 14:00","227","102","2.223","0.9%"
"Mellieħa - Triq il-Marfa","11/09/2023","14:00 - 15:00","298","97","3.069","1%"
"Mellieħa - Triq il-Marfa","11/09/2023","15:00 - 16:00","275","91","3.033","1%"
"Mellieħa - Triq il-Marfa","11/09/2023","16:00 - 17:00","266","97","2.743","1%"
"Mellieħa - Triq il-Marfa","11/09/2023","17:00 - 18:00","243","88","2.756","1%"
"Mellieħa - Triq il-Marfa","11/09/2023","18:00 - 19:00","247","85","2.898","1%"
"Mellieħa - Triq il-Marfa","11/09/2023","19:00 - 20:00","253","96","2.633","1%"
"Mellieħa - Triq il-Marfa","11/09/2023","20:00 - 21:00","2","95","0.021","0.01%"
"Mellieħa - Triq il-Marfa","12/09/2023","03:00 - 04:00","28","117","0.239","0.10%"
"Mellieħa - Triq il-Marfa","12/09/2023","04:00 - 05:00","130","98","1.328","0.5%"
"Mellieħa - Triq il-Marfa","12/09/2023","05:00 - 06:00","295","107","2.760","1%"
"Mellieħa - Triq il-Marfa","12/09/2023","06:00 - 07:00","630","98","6.433","3%"
"Mellieħa - Triq il-Marfa","12/09/2023","07:00 - 08:00","824","102","8.051","3%"
"Mellieħa - Triq il-Marfa","12/09/2023","08:00 - 09:00","937","97","9.699","4%"
"Mellieħa - Triq il-Marfa","12/09/2023","09:00 - 10:00","1081","93","11.564","5%"
"Mellieħa - Triq il-Marfa","12/09/2023","10:00 - 11:00","1092","92","11.903","5%"
"Mellieħa - Triq il-Marfa","12/09/2023","11:00 - 12:00","1083","89","12.188","5%"
"Mellieħa - Triq il-Marfa","12/09/2023","12:00 - 13:00","866","90","9.632","4%"
"Mellieħa - Triq il-Marfa","12/09/2023","13:00 - 14:00","856","96","8.937","4%"
"Mellieħa - Triq il-Marfa","12/09/2023","14:00 - 15:00","1009","88","11.422","5%"
"Mellieħa - Triq il-Marfa","12/09/2023","15:00 - 16:00","893","98","9.135","4%"
"Mellieħa - Triq il-Marfa","12/09/2023","16:00 - 17:00","1046","94","11.082","4%"
"Mellieħa - Triq il-Marfa","12/09/2023","17:00 - 18:00","1169","88","13.319","5%"
"Mellieħa - Triq il-Marfa","12/09/2023","18:00 - 19:00","1063","93","11.484","5%"
"Mellieħa - Triq il-Marfa","12/09/2023","19:00 - 20:00","826","94","8.766","4%"
"Mellieħa - Triq il-Marfa","12/09/2023","20:00 - 21:00","595","93","6.424","3%"
"Mellieħa - Triq il-Marfa","12/09/2023","21:00 - 22:00","358","97","3.688","1%"
"Mellieħa - Triq il-Marfa","12/09/2023","22:00 - 23:00","338","100","3.390","1%"
"Mellieħa - Triq il-Marfa","12/09/2023","23:00 - 24:00","298","108","2.767","1%"
"Mellieħa - Triq il-Marfa","13/09/2023","00:00 - 01:00","98","105","0.933","0.4%"
"Mellieħa - Triq il-Marfa","13/09/2023","01:00 - 02:00","75","110","0.683","0.3%"
"Mellieħa - Triq il-Marfa","13/09/2023","02:00 - 03:00","44","104","0.422","0.2%"
"Mellieħa - Triq il-Marfa","13/09/2023","03:00 - 04:00","67","102","0.654","0.3%"
"Mellieħa - Triq il-Marfa","13/09/2023","04:00 - 05:00","123","100","1.227","0.5%"
"Mellieħa - Triq il-Marfa","13/09/2023","05:00 - 06:00","269","102","2.644","1%"
"Mellieħa - Triq il-Marfa","13/09/2023","06:00 - 07:00","532","102","5.233","2%"
"Mellieħa - Triq il-Marfa","13/09/2023","07:00 - 08:00","794","107","7.430","3%"
"Mellieħa - Triq il-Marfa","13/09/2023","08:00 - 09:00","899","100","8.993","4%"
"Mellieħa - Triq il-Marfa","13/09/2023","09:00 - 10:00","854","96","8.926","4%"
"Mellieħa - Triq il-Marfa","13/09/2023","10:00 - 11:00","936","98","9.521","4%"
"Mellieħa - Triq il-Marfa","13/09/2023","11:00 - 12:00","845","91","9.332","4%"
"Mellieħa - Triq il-Marfa","13/09/2023","12:00 - 13:00","778","99","7.856","3%"
"Mellieħa - Triq il-Marfa","13/09/2023","13:00 - 14:00","514","99","5.175","2%"
"Mellieħa - Triq il-Marfa","13/09/2023","14:00 - 15:00","533","99","5.408","2%"
"Mellieħa - Triq il-Marfa","13/09/2023","15:00 - 16:00","749","99","7.561","3%"
"Mellieħa - Triq il-Marfa","13/09/2023","16:00 - 17:00","683","96","7.150","3%"
"Mellieħa - Triq il-Marfa","13/09/2023","17:00 - 18:00","585","91","6.400","3%"
"Mellieħa - Triq il-Marfa","13/09/2023","18:00 - 19:00","444","94","4.723","2%"
"Mellieħa - Triq il-Marfa","13/09/2023","19:00 - 20:00","668","94","7.072","3%"
"Mellieħa - Triq il-Marfa","13/09/2023","20:00 - 21:00","447","96","4.653","2%"
"Mellieħa - Triq il-Marfa","13/09/2023","21:00 - 22:00","367","96","3.842","2%"
"Mellieħa - Triq il-Marfa","13/09/2023","22:00 - 23:00","308","97","3.171","1%"
"Mellieħa - Triq il-Marfa","13/09/2023","23:00 - 24:00","212","99","2.150","0.9%"
"Mellieħa - Triq il-Marfa","14/09/2023","00:00 - 01:00","110","108","1.017","0.4%"
"Mellieħa - Triq il-Marfa","14/09/2023","01:00 - 02:00","63","109","0.579","0.2%"
"Mellieħa - Triq il-Marfa","14/09/2023","02:00 - 03:00","54","108","0.498","0.2%"
"Mellieħa - Triq il-Marfa","14/09/2023","03:00 - 04:00","74","121","0.613","0.2%"
"Mellieħa - Triq il-Marfa","14/09/2023","04:00 - 05:00","142","100","1.426","0.6%"
"Mellieħa - Triq il-Marfa","14/09/2023","05:00 - 06:00","236","105","2.245","0.9%"
"Mellieħa - Triq il-Marfa","14/09/2023","06:00 - 07:00","422","102","4.148","2%"
"Mellieħa - Triq il-Marfa","14/09/2023","07:00 - 08:00","359","103","3.470","1%"
"Mellieħa - Triq il-Marfa","14/09/2023","08:00 - 09:00","459","104","4.413","2%"
"Mellieħa - Triq il-Marfa","14/09/2023","09:00 - 10:00","451","97","4.665","2%"
"Mellieħa - Triq il-Marfa","14/09/2023","10:00 - 11:00","574","97","5.889","2%"
"Mellieħa - Triq il-Marfa","14/09/2023","11:00 - 12:00","424","94","4.517","2%"
"Mellieħa - Triq il-Marfa","14/09/2023","12:00 - 13:00","432","95","4.528","2%"
"Mellieħa - Triq il-Marfa","14/09/2023","13:00 - 14:00","601","99","6.043","2%"
"Mellieħa - Triq il-Marfa","14/09/2023","14:00 - 15:00","433","100","4.319","2%"
"Mellieħa - Triq il-Marfa","14/09/2023","15:00 - 16:00","503","100","5.030","2%"
"Mellieħa - Triq il-Marfa","14/09/2023","16:00 - 17:00","440","96","4.607","2%"
"Mellieħa - Triq il-Marfa","14/09/2023","17:00 - 18:00","414","101","4.111","2%"
"Mellieħa - Triq il-Marfa","14/09/2023","18:00 - 19:00","461","97","4.742","2%"
"Mellieħa - Triq il-Marfa","14/09/2023","19:00 - 20:00","879","94","9.362","4%"
"Mellieħa - Triq il-Marfa","14/09/2023","20:00 - 21:00","557","94","5.918","2%"
"Mellieħa - Triq il-Marfa","14/09/2023","21:00 - 22:00","418","96","4.370","2%"
"Mellieħa - Triq il-Marfa","14/09/2023","22:00 - 23:00","311","98","3.175","1%"
"Mellieħa - Triq il-Marfa","14/09/2023","23:00 - 24:00","268","103","2.593","1%"
"Mellieħa - Triq il-Marfa","15/09/2023","00:00 - 01:00","98","108","0.905","0.4%"
"Mellieħa - Triq il-Marfa","15/09/2023","01:00 - 02:00","86","110","0.780","0.3%"
"Mellieħa - Triq il-Marfa","15/09/2023","02:00 - 03:00","66","97","0.682","0.3%"
"Mellieħa - Triq il-Marfa","15/09/2023","03:00 - 04:00","58","107","0.544","0.2%"
"Mellieħa - Triq il-Marfa","15/09/2023","04:00 - 05:00","122","101","1.204","0.5%"
"Mellieħa - Triq il-Marfa","15/09/2023","05:00 - 06:00","281","99","2.837","1%"
"Mellieħa - Triq il-Marfa","15/09/2023","06:00 - 07:00","608","102","5.973","2%"
"Mellieħa - Triq il-Marfa","15/09/2023","07:00 - 08:00","840","100","8.363","3%"
"Mellieħa - Triq il-Marfa","15/09/2023","08:00 - 09:00","966","99","9.798","4%"
"Mellieħa - Triq il-Marfa","15/09/2023","09:00 - 10:00","1133","95","11.895","5%"
"Mellieħa - Triq il-Marfa","15/09/2023","10:00 - 11:00","1155","89","12.994","5%"
"Mellieħa - Triq il-Marfa","15/09/2023","11:00 - 12:00","1143","90","12.640","5%"
"Mellieħa - Triq il-Marfa","15/09/2023","12:00 - 13:00","1085","91","11.915","5%"
"Mellieħa - Triq il-Marfa","15/09/2023","13:00 - 14:00","1030","96","10.720","4%"
"Mellieħa - Triq il-Marfa","15/09/2023","14:00 - 15:00","1040","98","10.560","4%"
"Mellieħa - Triq il-Marfa","15/09/2023","15:00 - 16:00","1104","93","11.932","5%"
"Mellieħa - Triq il-Marfa","15/09/2023","16:00 - 17:00","1271","94","13.491","5%"
"Mellieħa - Triq il-Marfa","15/09/2023","17:00 - 18:00","1228","94","13.015","5%"
"Mellieħa - Triq il-Marfa","15/09/2023","18:00 - 19:00","1199","96","12.514","5%"
"Mellieħa - Triq il-Marfa","15/09/2023","19:00 - 20:00","1061","92","11.505","5%"
"Mellieħa - Triq il-Marfa","15/09/2023","20:00 - 21:00","763","92","8.254","3%"
"Mellieħa - Triq il-Marfa","15/09/2023","21:00 - 22:00","486","93","5.207","2%"
"Mellieħa - Triq il-Marfa","15/09/2023","22:00 - 23:00","472","94","5.012","2%"
"Mellieħa - Triq il-Marfa","15/09/2023","23:00 - 24:00","421","101","4.153","2%"
"Mellieħa - Triq il-Marfa","16/09/2023","00:00 - 01:00","244","105","2.324","0.9%"
"Mellieħa - Triq il-Marfa","16/09/2023","01:00 - 02:00","118","104","1.134","0.5%"
"Mellieħa - Triq il-Marfa","16/09/2023","02:00 - 03:00","78","110","0.706","0.3%"
"Mellieħa - Triq il-Marfa","16/09/2023","03:00 - 04:00","81","98","0.829","0.3%"
"Mellieħa - Triq il-Marfa","16/09/2023","04:00 - 05:00","94","108","0.872","0.3%"
"Mellieħa - Triq il-Marfa","16/09/2023","05:00 - 06:00","246","98","2.508","1%"
"Mellieħa - Triq il-Marfa","16/09/2023","06:00 - 07:00","500","106","4.703","2%"
"Mellieħa - Triq il-Marfa","16/09/2023","07:00 - 08:00","675","101","6.707","3%"
"Mellieħa - Triq il-Marfa","16/09/2023","08:00 - 09:00","871","99","8.793","4%"
"Mellieħa - Triq il-Marfa","16/09/2023","09:00 - 10:00","970","95","10.179","4%"
"Mellieħa - Triq il-Marfa","16/09/2023","10:00 - 11:00","999","91","11.033","4%"
"Mellieħa - Triq il-Marfa","16/09/2023","11:00 - 12:00","1005","91","11.003","4%"
"Mellieħa - Triq il-Marfa","16/09/2023","12:00 - 13:00","911","92","9.908","4%"
"Mellieħa - Triq il-Marfa","16/09/2023","13:00 - 14:00","899","95","9.433","4%"
"Mellieħa - Triq il-Marfa","16/09/2023","14:00 - 15:00","809","95","8.556","3%"
"Mellieħa - Triq il-Marfa","16/09/2023","15:00 - 16:00","934","92","10.132","4%"
"Mellieħa - Triq il-Marfa","16/09/2023","16:00 - 17:00","952","88","10.823","4%"
"Mellieħa - Triq il-Marfa","16/09/2023","17:00 - 18:00","934","89","10.492","4%"
"Mellieħa - Triq il-Marfa","16/09/2023","18:00 - 19:00","999","87","11.537","5%"
"Mellieħa - Triq il-Marfa","16/09/2023","19:00 - 20:00","829","87","9.553","4%"
"Mellieħa - Triq il-Marfa","16/09/2023","20:00 - 21:00","705","90","7.794","3%"
"Mellieħa - Triq il-Marfa","16/09/2023","21:00 - 22:00","522","90","5.808","2%"
"Mellieħa - Triq il-Marfa","16/09/2023","22:00 - 23:00","494","94","5.243","2%"
"Mellieħa - Triq il-Marfa","16/09/2023","23:00 - 24:00","495","95","5.234","2%"
"Mellieħa - Triq il-Marfa","17/09/2023","00:00 - 01:00","285","97","2.926","1%"
"Mellieħa - Triq il-Marfa","17/09/2023","01:00 - 02:00","162","104","1.559","0.6%"
"Mellieħa - Triq il-Marfa","17/09/2023","02:00 - 03:00","106","108","0.977","0.4%"
"Mellieħa - Triq il-Marfa","17/09/2023","03:00 - 04:00","94","105","0.894","0.4%"
"Mellieħa - Triq il-Marfa","17/09/2023","04:00 - 05:00","91","112","0.811","0.3%"
"Mellieħa - Triq il-Marfa","17/09/2023","05:00 - 06:00","171","96","1.779","0.7%"
"Mellieħa - Triq il-Marfa","17/09/2023","06:00 - 07:00","330","96","3.451","1%"
"Mellieħa - Triq il-Marfa","17/09/2023","07:00 - 08:00","565","106","5.312","2%"
"Mellieħa - Triq il-Marfa","17/09/2023","08:00 - 09:00","655","99","6.644","3%"
"Mellieħa - Triq il-Marfa","17/09/2023","09:00 - 10:00","342","97","3.533","1%"
"Mellieħa - Triq il-Marfa","17/09/2023","10:00 - 11:00","293","93","3.134","1%"
"Mellieħa - Triq il-Marfa","17/09/2023","11:00 - 12:00","263","88","2.986","1%"
"Mellieħa - Triq il-Marfa","17/09/2023","12:00 - 13:00","307","82","3.745","1%"
"Mellieħa - Triq il-Marfa","17/09/2023","13:00 - 14:00","295","71","4.169","2%"
"Mellieħa - Triq il-Marfa","17/09/2023","14:00 - 15:00","283","69","4.095","2%"
"Mellieħa - Triq il-Marfa","17/09/2023","15:00 - 16:00","308","73","4.205","2%"
"Mellieħa - Triq il-Marfa","17/09/2023","16:00 - 17:00","261","66","3.930","2%"
"Mellieħa - Triq il-Marfa","17/09/2023","17:00 - 18:00","307","68","4.491","2%"
"Mellieħa - Triq il-Marfa","17/09/2023","18:00 - 19:00","293","63","4.676","2%"
"Mellieħa - Triq il-Marfa","17/09/2023","19:00 - 20:00","278","66","4.220","2%"
"Mellieħa - Triq il-Marfa","17/09/2023","20:00 - 21:00","288","82","3.524","1%"
"Mellieħa - Triq il-Marfa","17/09/2023","21:00 - 22:00","295","87","3.388","1%"
"Mellieħa - Triq il-Marfa","17/09/2023","22:00 - 23:00","221","92","2.401","1.0%"
"Mellieħa - Triq il-Marfa","17/09/2023","23:00 - 24:00","207","102","2.036","0.8%"
"Mellieħa - Triq il-Marfa","18/09/2023","00:00 - 01:00","142","106","1.345","0.5%"
"Mellieħa - Triq il-Marfa","18/09/2023","01:00 - 02:00","82","114","0.720","0.3%"
"Mellieħa - Triq il-Marfa","18/09/2023","02:00 - 03:00","66","105","0.627","0.3%"
"Mellieħa - Triq il-Marfa","18/09/2023","03:00 - 04:00","74","101","0.736","0.3%"
"Mellieħa - Triq il-Marfa","18/09/2023","04:00 - 05:00","101","106","0.949","0.4%"
"Mellieħa - Triq il-Marfa","18/09/2023","05:00 - 06:00","281","102","2.766","1%"
"Mellieħa - Triq il-Marfa","18/09/2023","06:00 - 07:00","297","107","2.776","1%"
"Mellieħa - Triq il-Marfa","18/09/2023","07:00 - 08:00","269","107","2.525","1%"
"Mellieħa - Triq il-Marfa","18/09/2023","08:00 - 09:00","294","100","2.949","1%"
"Mellieħa - Triq il-Marfa","18/09/2023","09:00 - 10:00","250","99","2.521","1%"
"Mellieħa - Triq il-Marfa","18/09/2023","10:00 - 11:00","279","95","2.928","1%"
"Mellieħa - Triq il-Marfa","18/09/2023","11:00 - 12:00","265","100","2.646","1%"
"Mellieħa - Triq il-Marfa","18/09/2023","12:00 - 13:00","270","96","2.808","1%"
"Mellieħa - Triq il-Marfa","18/09/2023","13:00 - 14:00","255","103","2.465","1.0%"
"Mellieħa - Triq il-Marfa","18/09/2023","14:00 - 15:00","250","99","2.536","1%"
"Mellieħa - Triq il-Marfa","18/09/2023","15:00 - 16:00","254","98","2.594","1%"
"Mellieħa - Triq il-Marfa","18/09/2023","16:00 - 17:00","228","101","2.267","0.9%"
"Mellieħa - Triq il-Marfa","18/09/2023","17:00 - 18:00","265","98","2.701","1%"
"Mellieħa - Triq il-Marfa","18/09/2023","18:00 - 19:00","258","93","2.773","1%"
"Mellieħa - Triq il-Marfa","18/09/2023","19:00 - 20:00","220","93","2.359","0.9%"
"Mellieħa - Triq il-Marfa","18/09/2023","20:00 - 21:00","209","95","2.189","0.9%"
"Mellieħa - Triq il-Marfa","18/09/2023","21:00 - 22:00","250","99","2.518","1%"
"Mellieħa - Triq il-Marfa","18/09/2023","22:00 - 23:00","177","95","1.857","0.7%"
"Mellieħa - Triq il-Marfa","18/09/2023","23:00 - 24:00","147","111","1.323","0.5%"
"Mellieħa - Triq il-Marfa","19/09/2023","00:00 - 01:00","97","109","0.886","0.4%"
"Mellieħa - Triq il-Marfa","19/09/2023","01:00 - 02:00","47","111","0.422","0.2%"
"Mellieħa - Triq il-Marfa","19/09/2023","02:00 - 03:00","49","102","0.481","0.2%"
"Mellieħa - Triq il-Marfa","19/09/2023","03:00 - 04:00","50","109","0.457","0.2%"
"Mellieħa - Triq il-Marfa","19/09/2023","04:00 - 05:00","94","108","0.870","0.3%"
"Mellieħa - Triq il-Marfa","19/09/2023","05:00 - 06:00","121","103","1.178","0.5%"
"Mellieħa - Triq il-Marfa","26/09/2023","00:00 - 01:00","3","82","0.037","0.01%"
"Mellieħa - Triq il-Marfa","26/09/2023","01:00 - 02:00","22","93","0.238","0.10%"
"Mellieħa - Triq il-Marfa","26/09/2023","02:00 - 03:00","21","101","0.208","0.08%"
"Mellieħa - Triq il-Marfa","26/09/2023","03:00 - 04:00","46","105","0.439","0.2%"
"Mellieħa - Triq il-Marfa","26/09/2023","04:00 - 05:00","85","89","0.954","0.4%"
"Mellieħa - Triq il-Marfa","26/09/2023","05:00 - 06:00","219","97","2.260","0.9%"
"Mellieħa - Triq il-Marfa","26/09/2023","06:00 - 07:00","634","95","6.690","3%"
"Mellieħa - Triq il-Marfa","26/09/2023","07:00 - 08:00","752","102","7.354","3%"
"Mellieħa - Triq il-Marfa","26/09/2023","08:00 - 09:00","765","100","7.619","3%"
"Mellieħa - Triq il-Marfa","26/09/2023","09:00 - 10:00","837","96","8.683","3%"
"Mellieħa - Triq il-Marfa","26/09/2023","10:00 - 11:00","921","94","9.841","4%"
"Mellieħa - Triq il-Marfa","26/09/2023","11:00 - 12:00","981","90","10.888","4%"
"Mellieħa - Triq il-Marfa","26/09/2023","12:00 - 13:00","860","95","9.058","4%"
"Mellieħa - Triq il-Marfa","26/09/2023","13:00 - 14:00","753","98","7.705","3%"
"Mellieħa - Triq il-Marfa","26/09/2023","14:00 - 15:00","920","95","9.669","4%"
"Mellieħa - Triq il-Marfa","26/09/2023","15:00 - 16:00","828","95","8.710","3%"
"Mellieħa - Triq il-Marfa","26/09/2023","16:00 - 17:00","867","99","8.798","4%"
"Mellieħa - Triq il-Marfa","26/09/2023","17:00 - 18:00","998","94","10.657","4%"
"Mellieħa - Triq il-Marfa","26/09/2023","18:00 - 19:00","817","100","8.171","3%"
"Mellieħa - Triq il-Marfa","26/09/2023","19:00 - 20:00","641","95","6.767","3%"
"Mellieħa - Triq il-Marfa","26/09/2023","20:00 - 21:00","281","91","3.090","1%"
"Mellieħa - Triq il-Marfa","26/09/2023","21:00 - 22:00","176","94","1.871","0.7%"
"Mellieħa - Triq il-Marfa","26/09/2023","22:00 - 23:00","152","97","1.568","0.6%"
"Mellieħa - Triq il-Marfa","26/09/2023","23:00 - 24:00","108","105","1.028","0.4%"
"Mellieħa - Triq il-Marfa","27/09/2023","00:00 - 01:00","57","102","0.559","0.2%"
"Mellieħa - Triq il-Marfa","27/09/2023","01:00 - 02:00","33","106","0.311","0.1%"
"Mellieħa - Triq il-Marfa","27/09/2023","02:00 - 03:00","28","97","0.290","0.1%"
"Mellieħa - Triq il-Marfa","27/09/2023","03:00 - 04:00","41","107","0.385","0.2%"
"Mellieħa - Triq il-Marfa","27/09/2023","04:00 - 05:00","100","106","0.944","0.4%"
"Mellieħa - Triq il-Marfa","27/09/2023","05:00 - 06:00","221","100","2.220","0.9%"
"Mellieħa - Triq il-Marfa","27/09/2023","06:00 - 07:00","600","91","6.614","3%"
"Mellieħa - Triq il-Marfa","27/09/2023","07:00 - 08:00","684","99","6.928","3%"
"Mellieħa - Triq il-Marfa","27/09/2023","08:00 - 09:00","680","103","6.600","3%"
"Mellieħa - Triq il-Marfa","27/09/2023","09:00 - 10:00","775","101","7.710","3%"
"Mellieħa - Triq il-Marfa","27/09/2023","10:00 - 11:00","776","96","8.097","3%"
"Mellieħa - Triq il-Marfa","27/09/2023","11:00 - 12:00","761","97","7.877","3%"
"Mellieħa - Triq il-Marfa","27/09/2023","12:00 - 13:00","694","97","7.154","3%"
"Mellieħa - Triq il-Marfa","27/09/2023","13:00 - 14:00","618","100","6.188","2%"
"Mellieħa - Triq il-Marfa","27/09/2023","14:00 - 15:00","801","93","8.605","3%"
"Mellieħa - Triq il-Marfa","27/09/2023","15:00 - 16:00","691","99","7.002","3%"
"Mellieħa - Triq il-Marfa","27/09/2023","16:00 - 17:00","808","103","7.833","3%"
"Mellieħa - Triq il-Marfa","27/09/2023","17:00 - 18:00","793","100","7.930","3%"
"Mellieħa - Triq il-Marfa","27/09/2023","18:00 - 19:00","631","101","6.219","2%"
"Mellieħa - Triq il-Marfa","27/09/2023","19:00 - 20:00","523","97","5.376","2%"
"Mellieħa - Triq il-Marfa","27/09/2023","20:00 - 21:00","374","96","3.910","2%"
"Mellieħa - Triq il-Marfa","27/09/2023","21:00 - 22:00","257","101","2.553","1%"
"Mellieħa - Triq il-Marfa","27/09/2023","22:00 - 23:00","219","98","2.241","0.9%"
"Mellieħa - Triq il-Marfa","27/09/2023","23:00 - 24:00","153","105","1.451","0.6%"
"Mellieħa - Triq il-Marfa","28/09/2023","00:00 - 01:00","100","100","0.996","0.4%"
"Mellieħa - Triq il-Marfa","28/09/2023","01:00 - 02:00","46","119","0.386","0.2%"
"Mellieħa - Triq il-Marfa","28/09/2023","02:00 - 03:00","40","103","0.387","0.2%"
"Mellieħa - Triq il-Marfa","28/09/2023","03:00 - 04:00","31","109","0.285","0.1%"
"Mellieħa - Triq il-Marfa","28/09/2023","04:00 - 05:00","73","105","0.697","0.3%"
"Mellieħa - Triq il-Marfa","28/09/2023","05:00 - 06:00","209","99","2.106","0.8%"
"Mellieħa - Triq il-Marfa","28/09/2023","06:00 - 07:00","467","102","4.593","2%"
"Mellieħa - Triq il-Marfa","28/09/2023","07:00 - 08:00","642","104","6.201","2%"
"Mellieħa - Triq il-Marfa","28/09/2023","08:00 - 09:00","717","103","6.975","3%"
"Mellieħa - Triq il-Marfa","28/09/2023","09:00 - 10:00","755","103","7.323","3%"
"Mellieħa - Triq il-Marfa","28/09/2023","10:00 - 11:00","853","96","8.918","4%"
"Mellieħa - Triq il-Marfa","28/09/2023","11:00 - 12:00","796","95","8.408","3%"
"Mellieħa - Triq il-Marfa","28/09/2023","12:00 - 13:00","713","97","7.338","3%"
"Mellieħa - Triq il-Marfa","28/09/2023","13:00 - 14:00","688","102","6.776","3%"
"Mellieħa - Triq il-Marfa","28/09/2023","14:00 - 15:00","742","98","7.538","3%"
"Mellieħa - Triq il-Marfa","28/09/2023","15:00 - 16:00","713","102","7.008","3%"
"Mellieħa - Triq il-Marfa","28/09/2023","16:00 - 17:00","1006","97","10.338","4%"
"Mellieħa - Triq il-Marfa","28/09/2023","17:00 - 18:00","1119","90","12.487","5%"
"Mellieħa - Triq il-Marfa","28/09/2023","18:00 - 19:00","877","94","9.347","4%"
"Mellieħa - Triq il-Marfa","28/09/2023","19:00 - 20:00","688","92","7.484","3%"
"Mellieħa - Triq il-Marfa","28/09/2023","20:00 - 21:00","420","93","4.534","2%"
"Mellieħa - Triq il-Marfa","28/09/2023","21:00 - 22:00","257","100","2.580","1%"
"Mellieħa - Triq il-Marfa","28/09/2023","22:00 - 23:00","189","95","1.983","0.8%"
"Mellieħa - Triq il-Marfa","28/09/2023","23:00 - 24:00","142","102","1.399","0.6%"
"Mellieħa - Triq il-Marfa","29/09/2023","00:00 - 01:00","73","112","0.650","0.3%"
"Mellieħa - Triq il-Marfa","29/09/2023","01:00 - 02:00","44","117","0.377","0.2%"
"Mellieħa - Triq il-Marfa","29/09/2023","02:00 - 03:00","38","105","0.364","0.1%"
"Mellieħa - Triq il-Marfa","29/09/2023","03:00 - 04:00","50","100","0.498","0.2%"
"Mellieħa - Triq il-Marfa","29/09/2023","04:00 - 05:00","78","100","0.780","0.3%"
"Mellieħa - Triq il-Marfa","29/09/2023","05:00 - 06:00","213","96","2.211","0.9%"
"Mellieħa - Triq il-Marfa","29/09/2023","06:00 - 07:00","559","97","5.753","2%"
"Mellieħa - Triq il-Marfa","29/09/2023","07:00 - 08:00","786","101","7.815","3%"
"Mellieħa - Triq il-Marfa","29/09/2023","08:00 - 09:00","781","101","7.743","3%"
"Mellieħa - Triq il-Marfa","29/09/2023","09:00 - 10:00","941","100","9.395","4%"
"Mellieħa - Triq il-Marfa","29/09/2023","10:00 - 11:00","976","91","10.731","4%"
"Mellieħa - Triq il-Marfa","29/09/2023","11:00 - 12:00","978","94","10.351","4%"
"Mellieħa - Triq il-Marfa","29/09/2023","12:00 - 13:00","886","98","9.005","4%"
"Mellieħa - Triq il-Marfa","29/09/2023","13:00 - 14:00","956","99","9.661","4%"
"Mellieħa - Triq il-Marfa","29/09/2023","14:00 - 15:00","861","103","8.333","3%"
"Mellieħa - Triq il-Marfa","29/09/2023","15:00 - 16:00","1010","97","10.430","4%"
"Mellieħa - Triq il-Marfa","29/09/2023","16:00 - 17:00","1212","96","12.614","5%"
"Mellieħa - Triq il-Marfa","29/09/2023","17:00 - 18:00","958","98","9.734","4%"
"Mellieħa - Triq il-Marfa","29/09/2023","18:00 - 19:00","958","99","9.684","4%"
"Mellieħa - Triq il-Marfa","29/09/2023","19:00 - 20:00","896","92","9.780","4%"
"Mellieħa - Triq il-Marfa","29/09/2023","20:00 - 21:00","617","93","6.616","3%"
"Mellieħa - Triq il-Marfa","29/09/2023","21:00 - 22:00","377","96","3.924","2%"
"Mellieħa - Triq il-Marfa","29/09/2023","22:00 - 23:00","339","99","3.424","1%"
"Mellieħa - Triq il-Marfa","29/09/2023","23:00 - 24:00","307","99","3.087","1%"
"Mellieħa - Triq il-Marfa","30/09/2023","00:00 - 01:00","181","102","1.776","0.7%"
"Mellieħa - Triq il-Marfa","30/09/2023","01:00 - 02:00","76","94","0.806","0.3%"
"Mellieħa - Triq il-Marfa","30/09/2023","02:00 - 03:00","70","105","0.664","0.3%"
"Mellieħa - Triq il-Marfa","30/09/2023","03:00 - 04:00","53","114","0.465","0.2%"
"Mellieħa - Triq il-Marfa","30/09/2023","04:00 - 05:00","76","102","0.743","0.3%"
"Mellieħa - Triq il-Marfa","30/09/2023","05:00 - 06:00","168","102","1.649","0.7%"
"Mellieħa - Triq il-Marfa","30/09/2023","06:00 - 07:00","403","101","4.002","2%"
"Mellieħa - Triq il-Marfa","30/09/2023","07:00 - 08:00","633","104","6.092","2%"
"Mellieħa - Triq il-Marfa","30/09/2023","08:00 - 09:00","822","104","7.900","3%"
"Mellieħa - Triq il-Marfa","30/09/2023","09:00 - 10:00","922","102","9.068","4%"
"Mellieħa - Triq il-Marfa","30/09/2023","10:00 - 11:00","958","96","9.934","4%"
"Mellieħa - Triq il-Marfa","30/09/2023","11:00 - 12:00","738","100","7.413","3%"
"Mellieħa - Triq il-Marfa","30/09/2023","12:00 - 13:00","717","97","7.429","3%"
"Mellieħa - Triq il-Marfa","30/09/2023","13:00 - 14:00","726","96","7.524","3%"
"Mellieħa - Triq il-Marfa","30/09/2023","14:00 - 15:00","614","99","6.185","2%"
"Mellieħa - Triq il-Marfa","30/09/2023","15:00 - 16:00","531","98","5.409","2%"
"Mellieħa - Triq il-Marfa","30/09/2023","16:00 - 17:00","578","101","5.729","2%"
"Mellieħa - Triq il-Marfa","30/09/2023","17:00 - 18:00","624","97","6.426","3%"
"Mellieħa - Triq il-Marfa","30/09/2023","18:00 - 19:00","579","93","6.219","2%"
"Mellieħa - Triq il-Marfa","30/09/2023","19:00 - 20:00","379","95","3.977","2%"
"Mellieħa - Triq il-Marfa","30/09/2023","20:00 - 21:00","401","98","4.072","2%"
"Mellieħa - Triq il-Marfa","30/09/2023","21:00 - 22:00","375","94","3.999","2%"
"Mellieħa - Triq il-Marfa","30/09/2023","22:00 - 23:00","398","95","4.188","2%"
"Mellieħa - Triq il-Marfa","30/09/2023","23:00 - 24:00","363","102","3.566","1%"
"Mellieħa - Triq il-Marfa","01/10/2023","00:00 - 01:00","218","104","2.087","0.8%"
"Mellieħa - Triq il-Marfa","01/10/2023","01:00 - 02:00","102","95","1.074","0.4%"
"Mellieħa - Triq il-Marfa","01/10/2023","02:00 - 03:00","82","102","0.806","0.3%"
"Mellieħa - Triq il-Marfa","01/10/2023","03:00 - 04:00","67","112","0.601","0.2%"
"Mellieħa - Triq il-Marfa","01/10/2023","04:00 - 05:00","67","110","0.609","0.2%"
"Mellieħa - Triq il-Marfa","01/10/2023","05:00 - 06:00","156","100","1.561","0.6%"
"Mellieħa - Triq il-Marfa","01/10/2023","06:00 - 07:00","266","100","2.666","1%"
"Mellieħa - Triq il-Marfa","01/10/2023","07:00 - 08:00","449","111","4.043","2%"
"Mellieħa - Triq il-Marfa","01/10/2023","08:00 - 09:00","513","107","4.814","2%"
"Mellieħa - Triq il-Marfa","01/10/2023","09:00 - 10:00","344","103","3.338","1%"
"Mellieħa - Triq il-Marfa","01/10/2023","10:00 - 11:00","252","94","2.694","1%"
"Mellieħa - Triq il-Marfa","01/10/2023","11:00 - 12:00","395","86","4.605","2%"
"Mellieħa - Triq il-Marfa","01/10/2023","12:00 - 13:00","397","89","4.442","2%"
"Mellieħa - Triq il-Marfa","01/10/2023","13:00 - 14:00","300","89","3.356","1%"
"Mellieħa - Triq il-Marfa","01/10/2023","14:00 - 15:00","349","91","3.830","2%"
"Mellieħa - Triq il-Marfa","01/10/2023","15:00 - 16:00","325","82","3.986","2%"
"Mellieħa - Triq il-Marfa","01/10/2023","16:00 - 17:00","356","78","4.548","2%"
"Mellieħa - Triq il-Marfa","01/10/2023","17:00 - 18:00","354","78","4.523","2%"
"Mellieħa - Triq il-Marfa","01/10/2023","18:00 - 19:00","266","72","3.673","1%"
"Mellieħa - Triq il-Marfa","01/10/2023","19:00 - 20:00","320","76","4.193","2%"
"Mellieħa - Triq il-Marfa","01/10/2023","20:00 - 21:00","282","97","2.917","1%"
"Mellieħa - Triq il-Marfa","01/10/2023","21:00 - 22:00","255","95","2.687","1%"
"Mellieħa - Triq il-Marfa","01/10/2023","22:00 - 23:00","177","92","1.924","0.8%"
"Mellieħa - Triq il-Marfa","01/10/2023","23:00 - 24:00","151","103","1.465","0.6%"
"Mellieħa - Triq il-Marfa","02/10/2023","00:00 - 01:00","77","109","0.706","0.3%"
"Mellieħa - Triq il-Marfa","02/10/2023","01:00 - 02:00","35","104","0.338","0.1%"
"Mellieħa - Triq il-Marfa","02/10/2023","02:00 - 03:00","34","111","0.307","0.1%"
"Mellieħa - Triq il-Marfa","02/10/2023","03:00 - 04:00","58","98","0.591","0.2%"
"Mellieħa - Triq il-Marfa","02/10/2023","04:00 - 05:00","79","96","0.826","0.3%"
"Mellieħa - Triq il-Marfa","02/10/2023","05:00 - 06:00","169","104","1.621","0.6%"
"Mellieħa - Triq il-Marfa","02/10/2023","06:00 - 07:00","243","95","2.563","1%"
"Mellieħa - Triq il-Marfa","02/10/2023","07:00 - 08:00","377","107","3.534","1%"
"Mellieħa - Triq il-Marfa","02/10/2023","08:00 - 09:00","315","108","2.904","1%"
"Mellieħa - Triq il-Marfa","02/10/2023","09:00 - 10:00","321","98","3.264","1%"
"Mellieħa - Triq il-Marfa","02/10/2023","10:00 - 11:00","294","94","3.112","1%"
"Mellieħa - Triq il-Marfa","02/10/2023","11:00 - 12:00","342","97","3.542","1%"
"Mellieħa - Triq il-Marfa","02/10/2023","12:00 - 13:00","336","99","3.396","1%"
"Mellieħa - Triq il-Marfa","02/10/2023","13:00 - 14:00","321","100","3.196","1%"
"Mellieħa - Triq il-Marfa","02/10/2023","14:00 - 15:00","314","100","3.140","1%"
"Mellieħa - Triq il-Marfa","02/10/2023","15:00 - 16:00","220","103","2.135","0.9%"
"Mellieħa - Triq il-Marfa","02/10/2023","16:00 - 17:00","292","98","2.981","1%"
"Mellieħa - Triq il-Marfa","02/10/2023","17:00 - 18:00","303","97","3.125","1%"
"Mellieħa - Triq il-Marfa","02/10/2023","18:00 - 19:00","235","104","2.259","0.9%"
"Mellieħa - Triq il-Marfa","02/10/2023","19:00 - 20:00","271","98","2.770","1%"
"Mellieħa - Triq il-Marfa","02/10/2023","20:00 - 21:00","232","94","2.479","1.0%"
"Mellieħa - Triq il-Marfa","02/10/2023","21:00 - 22:00","216","101","2.134","0.9%"
"Mellieħa - Triq il-Marfa","02/10/2023","22:00 - 23:00","151","95","1.581","0.6%"
"Mellieħa - Triq il-Marfa","02/10/2023","23:00 - 24:00","137","105","1.304","0.5%"
"Mellieħa - Triq il-Marfa","03/10/2023","00:00 - 01:00","64","98","0.651","0.3%"
"Mellieħa - Triq il-Marfa","03/10/2023","01:00 - 02:00","25","114","0.219","0.09%"
"Mellieħa - Triq il-Marfa","03/10/2023","02:00 - 03:00","21","91","0.230","0.09%"
"Mellieħa - Triq il-Marfa","03/10/2023","03:00 - 04:00","62","100","0.618","0.2%"
"Mellieħa - Triq il-Marfa","03/10/2023","04:00 - 05:00","70","102","0.684","0.3%"
"Mellieħa - Triq il-Marfa","03/10/2023","05:00 - 06:00","193","101","1.909","0.8%"
"Mellieħa - Triq il-Marfa","03/10/2023","06:00 - 07:00","297","101","2.947","1%"
"Mellieħa - Triq il-Marfa","03/10/2023","07:00 - 08:00","249","108","2.303","0.9%"
"Mellieħa - Triq il-Marfa","03/10/2023","08:00 - 09:00","231","105","2.200","0.9%"
"Mellieħa - Triq il-Marfa","03/10/2023","09:00 - 10:00","242","99","2.446","1.0%"
"Mellieħa - Triq il-Marfa","03/10/2023","10:00 - 11:00","249","96","2.580","1%"
"Mellieħa - Triq il-Marfa","03/10/2023","11:00 - 12:00","250","91","2.748","1%"
"Mellieħa - Triq il-Marfa","03/10/2023","12:00 - 13:00","233","103","2.265","0.9%"
"Mellieħa - Triq il-Marfa","03/10/2023","13:00 - 14:00","252","100","2.521","1%"
"Mellieħa - Triq il-Marfa","03/10/2023","14:00 - 15:00","232","102","2.283","0.9%"
"Mellieħa - Triq il-Marfa","03/10/2023","15:00 - 16:00","236","107","2.197","0.9%"
"Mellieħa - Triq il-Marfa","03/10/2023","16:00 - 17:00","245","99","2.471","1.0%"
"Mellieħa - Triq il-Marfa","03/10/2023","17:00 - 18:00","300","100","3.000","1%"
"Mellieħa - Triq il-Marfa","03/10/2023","18:00 - 19:00","244","104","2.344","0.9%"
"Mellieħa - Triq il-Marfa","03/10/2023","19:00 - 20:00","197","95","2.068","0.8%"
"Mellieħa - Triq il-Marfa","03/10/2023","20:00 - 21:00","59","104","0.566","0.2%"
"Mellieħa - Triq il-Marfa","07/10/2023","17:00 - 18:00","171","95","1.794","0.7%"
"Mellieħa - Triq il-Marfa","07/10/2023","18:00 - 19:00","1211","88","13.801","6%"
"Mellieħa - Triq il-Marfa","07/10/2023","19:00 - 20:00","364","87","4.197","2%"
"Mellieħa - Triq il-Marfa","07/10/2023","20:00 - 21:00","655","89","7.388","3%"
"Mellieħa - Triq il-Marfa","07/10/2023","21:00 - 22:00","450","93","4.823","2%"
"Mellieħa - Triq il-Marfa","07/10/2023","22:00 - 23:00","442","87","5.081","2%"
"Mellieħa - Triq il-Marfa","07/10/2023","23:00 - 24:00","425","100","4.233","2%"
"Mellieħa - Triq il-Marfa","08/10/2023","00:00 - 01:00","211","101","2.095","0.8%"
"Mellieħa - Triq il-Marfa","08/10/2023","01:00 - 02:00","116","104","1.119","0.4%"
"Mellieħa - Triq il-Marfa","08/10/2023","02:00 - 03:00","64","102","0.628","0.3%"
"Mellieħa - Triq il-Marfa","08/10/2023","03:00 - 04:00","59","105","0.560","0.2%"
"Mellieħa - Triq il-Marfa","08/10/2023","04:00 - 05:00","100","98","1.024","0.4%"
"Mellieħa - Triq il-Marfa","08/10/2023","05:00 - 06:00","143","102","1.397","0.6%"
"Mellieħa - Triq il-Marfa","08/10/2023","06:00 - 07:00","301","98","3.062","1%"
"Mellieħa - Triq il-Marfa","08/10/2023","07:00 - 08:00","582","102","5.703","2%"
"Mellieħa - Triq il-Marfa","08/10/2023","08:00 - 09:00","1083","106","10.262","4%"
"Mellieħa - Triq il-Marfa","08/10/2023","09:00 - 10:00","1370","95","14.390","6%"
"Mellieħa - Triq il-Marfa","08/10/2023","10:00 - 11:00","1556","91","17.148","7%"
"Mellieħa - Triq il-Marfa","08/10/2023","11:00 - 12:00","1694","87","19.507","8%"
"Mellieħa - Triq il-Marfa","08/10/2023","12:00 - 13:00","1425","91","15.732","6%"
"Mellieħa - Triq il-Marfa","08/10/2023","13:00 - 14:00","1200","90","13.273","5%"
"Mellieħa - Triq il-Marfa","08/10/2023","14:00 - 15:00","1287","87","14.869","6%"
"Mellieħa - Triq il-Marfa","08/10/2023","15:00 - 16:00","1195","91","13.071","5%"
"Mellieħa - Triq il-Marfa","08/10/2023","16:00 - 17:00","1334","82","16.209","6%"
"Mellieħa - Triq il-Marfa","08/10/2023","17:00 - 18:00","1521","74","20.478","8%"
"Mellieħa - Triq il-Marfa","08/10/2023","18:00 - 19:00","1170","79","14.732","6%"
"Mellieħa - Triq il-Marfa","08/10/2023","19:00 - 20:00","876","86","10.169","4%"
"Mellieħa - Triq il-Marfa","08/10/2023","20:00 - 21:00","618","91","6.763","3%"
"Mellieħa - Triq il-Marfa","08/10/2023","21:00 - 22:00","346","96","3.617","1%"
"Mellieħa - Triq il-Marfa","08/10/2023","22:00 - 23:00","279","100","2.801","1%"
"Mellieħa - Triq il-Marfa","08/10/2023","23:00 - 24:00","140","104","1.342","0.5%"
"Mellieħa - Triq il-Marfa","09/10/2023","00:00 - 01:00","71","102","0.696","0.3%"
"Mellieħa - Triq il-Marfa","09/10/2023","01:00 - 02:00","45","94","0.478","0.2%"
"Mellieħa - Triq il-Marfa","09/10/2023","02:00 - 03:00","19","125","0.152","0.06%"
"Mellieħa - Triq il-Marfa","09/10/2023","03:00 - 04:00","31","106","0.292","0.1%"
"Mellieħa - Triq il-Marfa","09/10/2023","04:00 - 05:00","86","103","0.834","0.3%"
"Mellieħa - Triq il-Marfa","09/10/2023","05:00 - 06:00","197","97","2.024","0.8%"
"Mellieħa - Triq il-Marfa","09/10/2023","06:00 - 07:00","416","93","4.478","2%"
"Mellieħa - Triq il-Marfa","09/10/2023","07:00 - 08:00","565","105","5.389","2%"
"Mellieħa - Triq il-Marfa","09/10/2023","08:00 - 09:00","668","110","6.093","2%"
"Mellieħa - Triq il-Marfa","09/10/2023","09:00 - 10:00","635","99","6.396","3%"
"Mellieħa - Triq il-Marfa","09/10/2023","10:00 - 11:00","712","96","7.392","3%"
"Mellieħa - Triq il-Marfa","09/10/2023","11:00 - 12:00","709","98","7.249","3%"
"Mellieħa - Triq il-Marfa","09/10/2023","12:00 - 13:00","578","98","5.904","2%"
"Mellieħa - Triq il-Marfa","09/10/2023","13:00 - 14:00","583","103","5.638","2%"
"Mellieħa - Triq il-Marfa","09/10/2023","14:00 - 15:00","621","103","6.044","2%"
"Mellieħa - Triq il-Marfa","09/10/2023","15:00 - 16:00","622","101","6.157","2%"
"Mellieħa - Triq il-Marfa","09/10/2023","16:00 - 17:00","518","101","5.134","2%"
"Mellieħa - Triq il-Marfa","09/10/2023","17:00 - 18:00","598","96","6.219","2%"
"Mellieħa - Triq il-Marfa","09/10/2023","18:00 - 19:00","540","102","5.310","2%"
"Mellieħa - Triq il-Marfa","09/10/2023","19:00 - 20:00","490","98","4.990","2%"
"Mellieħa - Triq il-Marfa","09/10/2023","20:00 - 21:00","392","94","4.179","2%"
"Mellieħa - Triq il-Marfa","09/10/2023","21:00 - 22:00","247","106","2.320","0.9%"
"Mellieħa - Triq il-Marfa","09/10/2023","22:00 - 23:00","184","100","1.839","0.7%"
"Mellieħa - Triq il-Marfa","09/10/2023","23:00 - 24:00","155","102","1.516","0.6%"
"Mellieħa - Triq il-Marfa","10/10/2023","00:00 - 01:00","52","105","0.496","0.2%"
"Mellieħa - Triq il-Marfa","10/10/2023","01:00 - 02:00","37","112","0.331","0.1%"
"Mellieħa - Triq il-Marfa","10/10/2023","02:00 - 03:00","25","119","0.211","0.08%"
"Mellieħa - Triq il-Marfa","10/10/2023","03:00 - 04:00","40","107","0.375","0.1%"
"Mellieħa - Triq il-Marfa","10/10/2023","04:00 - 05:00","63","100","0.629","0.3%"
"Mellieħa - Triq il-Marfa","10/10/2023","05:00 - 06:00","174","97","1.785","0.7%"
"Mellieħa - Triq il-Marfa","10/10/2023","06:00 - 07:00","336","98","3.412","1%"
"Mellieħa - Triq il-Marfa","10/10/2023","07:00 - 08:00","402","101","3.964","2%"
"Mellieħa - Triq il-Marfa","10/10/2023","08:00 - 09:00","349","104","3.368","1%"
"Mellieħa - Triq il-Marfa","10/10/2023","09:00 - 10:00","416","100","4.180","2%"
"Mellieħa - Triq il-Marfa","10/10/2023","10:00 - 11:00","379","99","3.826","2%"
"Mellieħa - Triq il-Marfa","10/10/2023","11:00 - 12:00","432","97","4.447","2%"
"Mellieħa - Triq il-Marfa","10/10/2023","12:00 - 13:00","257","96","2.679","1%"
"Mellieħa - Triq il-Marfa","10/10/2023","13:00 - 14:00","328","99","3.313","1%"
"Mellieħa - Triq il-Marfa","10/10/2023","14:00 - 15:00","283","105","2.691","1%"
"Mellieħa - Triq il-Marfa","10/10/2023","15:00 - 16:00","224","102","2.192","0.9%"
"Mellieħa - Triq il-Marfa","10/10/2023","16:00 - 17:00","407","102","4.004","2%"
"Mellieħa - Triq il-Marfa","10/10/2023","17:00 - 18:00","236","96","2.448","1.0%"
"Mellieħa - Triq il-Marfa","10/10/2023","18:00 - 19:00","316","98","3.232","1%"
"Mellieħa - Triq il-Marfa","10/10/2023","19:00 - 20:00","245","99","2.486","1.0%"
"Mellieħa - Triq il-Marfa","10/10/2023","20:00 - 21:00","317","97","3.275","1%"
"Mellieħa - Triq il-Marfa","10/10/2023","21:00 - 22:00","230","97","2.366","0.9%"
"Mellieħa - Triq il-Marfa","10/10/2023","22:00 - 23:00","188","97","1.938","0.8%"
"Mellieħa - Triq il-Marfa","10/10/2023","23:00 - 24:00","120","99","1.211","0.5%"
"Mellieħa - Triq il-Marfa","11/10/2023","00:00 - 01:00","56","107","0.525","0.2%"
"Mellieħa - Triq il-Marfa","11/10/2023","01:00 - 02:00","28","85","0.329","0.1%"
"Mellieħa - Triq il-Marfa","11/10/2023","02:00 - 03:00","16","93","0.173","0.07%"
"Mellieħa - Triq il-Marfa","11/10/2023","03:00 - 04:00","44","99","0.445","0.2%"
"Mellieħa - Triq il-Marfa","11/10/2023","04:00 - 05:00","85","96","0.888","0.4%"
"Mellieħa - Triq il-Marfa","11/10/2023","05:00 - 06:00","198","98","2.022","0.8%"
"Mellieħa - Triq il-Marfa","11/10/2023","06:00 - 07:00","387","102","3.806","2%"
"Mellieħa - Triq il-Marfa","11/10/2023","07:00 - 08:00","256","109","2.353","0.9%"
"Mellieħa - Triq il-Marfa","11/10/2023","08:00 - 09:00","226","103","2.192","0.9%"
"Mellieħa - Triq il-Marfa","11/10/2023","09:00 - 10:00","375","98","3.809","2%"
"Mellieħa - Triq il-Marfa","11/10/2023","10:00 - 11:00","322","95","3.378","1%"
"Mellieħa - Triq il-Marfa","11/10/2023","11:00 - 12:00","292","91","3.193","1%"
"Mellieħa - Triq il-Marfa","11/10/2023","12:00 - 13:00","307","95","3.230","1%"
"Mellieħa - Triq il-Marfa","11/10/2023","13:00 - 14:00","324","105","3.078","1%"
"Mellieħa - Triq il-Marfa","11/10/2023","14:00 - 15:00","354","103","3.431","1%"
"Mellieħa - Triq il-Marfa","11/10/2023","15:00 - 16:00","261","99","2.625","1%"
"Mellieħa - Triq il-Marfa","11/10/2023","16:00 - 17:00","302","97","3.101","1%"
"Mellieħa - Triq il-Marfa","11/10/2023","17:00 - 18:00","344","94","3.648","1%"
"Mellieħa - Triq il-Marfa","11/10/2023","18:00 - 19:00","320","99","3.222","1%"
"Mellieħa - Triq il-Marfa","11/10/2023","19:00 - 20:00","225","96","2.348","0.9%"
"Mellieħa - Triq il-Marfa","11/10/2023","20:00 - 21:00","205","90","2.267","0.9%"
"Mellieħa - Triq il-Marfa","11/10/2023","21:00 - 22:00","198","99","1.996","0.8%"
"Mellieħa - Triq il-Marfa","11/10/2023","22:00 - 23:00","164","97","1.686","0.7%"
"Mellieħa - Triq il-Marfa","11/10/2023","23:00 - 24:00","159","104","1.526","0.6%"
"Mellieħa - Triq il-Marfa","12/10/2023","00:00 - 01:00","54","110","0.492","0.2%"
"Mellieħa - Triq il-Marfa","12/10/2023","01:00 - 02:00","24","120","0.200","0.08%"
"Mellieħa - Triq il-Marfa","12/10/2023","02:00 - 03:00","16","107","0.149","0.06%"
"Mellieħa - Triq il-Marfa","12/10/2023","03:00 - 04:00","42","97","0.433","0.2%"
"Mellieħa - Triq il-Marfa","12/10/2023","04:00 - 05:00","103","103","1.002","0.4%"
"Mellieħa - Triq il-Marfa","12/10/2023","05:00 - 06:00","188","98","1.920","0.8%"
"Mellieħa - Triq il-Marfa","12/10/2023","06:00 - 07:00","251","92","2.716","1%"
"Mellieħa - Triq il-Marfa","12/10/2023","07:00 - 08:00","189","105","1.806","0.7%"
"Mellieħa - Triq il-Marfa","12/10/2023","08:00 - 09:00","227","100","2.278","0.9%"
"Mellieħa - Triq il-Marfa","12/10/2023","09:00 - 10:00","242","105","2.296","0.9%"
"Mellieħa - Triq il-Marfa","12/10/2023","10:00 - 11:00","245","95","2.580","1%"
"Mellieħa - Triq il-Marfa","12/10/2023","11:00 - 12:00","230","93","2.479","1.0%"
"Mellieħa - Triq il-Marfa","12/10/2023","12:00 - 13:00","236","99","2.392","1.0%"
"Mellieħa - Triq il-Marfa","12/10/2023","13:00 - 14:00","267","103","2.602","1%"
"Mellieħa - Triq il-Marfa","12/10/2023","14:00 - 15:00","238","103","2.303","0.9%"
"Mellieħa - Triq il-Marfa","12/10/2023","15:00 - 16:00","298","102","2.926","1%"
"Mellieħa - Triq il-Marfa","12/10/2023","16:00 - 17:00","260","98","2.643","1%"
"Mellieħa - Triq il-Marfa","12/10/2023","17:00 - 18:00","344","95","3.619","1%"
"Mellieħa - Triq il-Marfa","12/10/2023","18:00 - 19:00","273","99","2.763","1%"
"Mellieħa - Triq il-Marfa","12/10/2023","19:00 - 20:00","271","96","2.838","1%"
"Mellieħa - Triq il-Marfa","12/10/2023","20:00 - 21:00","248","102","2.441","1.0%"
"Mellieħa - Triq il-Marfa","12/10/2023","21:00 - 22:00","170","97","1.752","0.7%"
"Mellieħa - Triq il-Marfa","12/10/2023","22:00 - 23:00","160","91","1.751","0.7%"
"Mellieħa - Triq il-Marfa","12/10/2023","23:00 - 24:00","168","100","1.687","0.7%"
"Mellieħa - Triq il-Marfa","13/10/2023","00:00 - 01:00","82","97","0.848","0.3%"
"Mellieħa - Triq il-Marfa","13/10/2023","01:00 - 02:00","33","102","0.323","0.1%"
"Mellieħa - Triq il-Marfa","13/10/2023","02:00 - 03:00","18","106","0.169","0.07%"
"Mellieħa - Triq il-Marfa","13/10/2023","03:00 - 04:00","47","101","0.467","0.2%"
"Mellieħa - Triq il-Marfa","13/10/2023","04:00 - 05:00","79","102","0.778","0.3%"
"Mellieħa - Triq il-Marfa","13/10/2023","05:00 - 06:00","162","104","1.555","0.6%"
"Mellieħa - Triq il-Marfa","22/10/2023","01:00 - 02:00","8","75","0.107","0.04%"
"Mellieħa - Triq il-Marfa","22/10/2023","02:00 - 03:00","18","74","0.242","0.10%"
"Mellieħa - Triq il-Marfa","22/10/2023","03:00 - 04:00","27","90","0.301","0.1%"
"Mellieħa - Triq il-Marfa","22/10/2023","04:00 - 05:00","36","75","0.480","0.2%"
"Mellieħa - Triq il-Marfa","22/10/2023","05:00 - 06:00","73","74","0.981","0.4%"
"Mellieħa - Triq il-Marfa","22/10/2023","06:00 - 07:00","185","67","2.742","1%"
"Mellieħa - Triq il-Marfa","22/10/2023","07:00 - 08:00","487","67","7.292","3%"
"Mellieħa - Triq il-Marfa","22/10/2023","08:00 - 09:00","630","57","11.006","4%"
"Mellieħa - Triq il-Marfa","22/10/2023","09:00 - 10:00","834","55","15.153","6%"
"Mellieħa - Triq il-Marfa","22/10/2023","10:00 - 11:00","908","54","16.706","7%"
"Mellieħa - Triq il-Marfa","22/10/2023","11:00 - 12:00","869","53","16.351","7%"
"Mellieħa - Triq il-Marfa","22/10/2023","12:00 - 13:00","812","55","14.710","6%"
"Mellieħa - Triq il-Marfa","22/10/2023","13:00 - 14:00","780","61","12.706","5%"
"Mellieħa - Triq il-Marfa","22/10/2023","14:00 - 15:00","642","60","10.664","4%"
"Mellieħa - Triq il-Marfa","22/10/2023","15:00 - 16:00","539","63","8.508","3%"
"Mellieħa - Triq il-Marfa","22/10/2023","16:00 - 17:00","665","58","11.561","5%"
"Mellieħa - Triq il-Marfa","22/10/2023","17:00 - 18:00","649","60","10.790","4%"
"Mellieħa - Triq il-Marfa","22/10/2023","18:00 - 19:00","662","53","12.528","5%"
"Mellieħa - Triq il-Marfa","22/10/2023","19:00 - 20:00","730","33","21.900","9%"
"Mellieħa - Triq il-Marfa","22/10/2023","20:00 - 21:00","273","60","4.531","2%"
"Mellieħa - Triq il-Marfa","22/10/2023","21:00 - 22:00","119","71","1.673","0.7%"
"Mellieħa - Triq il-Marfa","22/10/2023","22:00 - 23:00","74","74","0.997","0.4%"
"Mellieħa - Triq il-Marfa","22/10/2023","23:00 - 24:00","57","87","0.655","0.3%"
"Mellieħa - Triq il-Marfa","23/10/2023","00:00 - 01:00","29","80","0.362","0.1%"
"Mellieħa - Triq il-Marfa","23/10/2023","01:00 - 02:00","22","80","0.274","0.1%"
"Mellieħa - Triq il-Marfa","23/10/2023","02:00 - 03:00","12","88","0.136","0.05%"
"Mellieħa - Triq il-Marfa","23/10/2023","03:00 - 04:00","20","83","0.241","0.10%"
"Mellieħa - Triq il-Marfa","23/10/2023","04:00 - 05:00","41","96","0.427","0.2%"
"Mellieħa - Triq il-Marfa","23/10/2023","05:00 - 06:00","100","65","1.542","0.6%"
"Mellieħa - Triq il-Marfa","23/10/2023","06:00 - 07:00","242","52","4.675","2%"
"Mellieħa - Triq il-Marfa","23/10/2023","07:00 - 08:00","347","65","5.365","2%"
"Mellieħa - Triq il-Marfa","23/10/2023","08:00 - 09:00","380","65","5.870","2%"
"Mellieħa - Triq il-Marfa","23/10/2023","09:00 - 10:00","429","63","6.783","3%"
"Mellieħa - Triq il-Marfa","23/10/2023","10:00 - 11:00","622","63","9.827","4%"
"Mellieħa - Triq il-Marfa","23/10/2023","11:00 - 12:00","536","58","9.219","4%"
"Mellieħa - Triq il-Marfa","23/10/2023","12:00 - 13:00","403","69","5.824","2%"
"Mellieħa - Triq il-Marfa","23/10/2023","13:00 - 14:00","399","69","5.756","2%"
"Mellieħa - Triq il-Marfa","23/10/2023","14:00 - 15:00","378","71","5.348","2%"
"Mellieħa - Triq il-Marfa","23/10/2023","15:00 - 16:00","431","72","6.000","2%"
"Mellieħa - Triq il-Marfa","23/10/2023","16:00 - 17:00","463","68","6.813","3%"
"Mellieħa - Triq il-Marfa","23/10/2023","17:00 - 18:00","431","68","6.355","3%"
"Mellieħa - Triq il-Marfa","23/10/2023","18:00 - 19:00","317","71","4.452","2%"
"Mellieħa - Triq il-Marfa","23/10/2023","19:00 - 20:00","226","69","3.268","1%"
"Mellieħa - Triq il-Marfa","23/10/2023","20:00 - 21:00","154","72","2.152","0.9%"
"Mellieħa - Triq il-Marfa","23/10/2023","21:00 - 22:00","120","80","1.505","0.6%"
"Mellieħa - Triq il-Marfa","23/10/2023","22:00 - 23:00","98","79","1.233","0.5%"
"Mellieħa - Triq il-Marfa","23/10/2023","23:00 - 24:00","48","83","0.577","0.2%"
"Mellieħa - Triq il-Marfa","24/10/2023","00:00 - 01:00","35","72","0.484","0.2%"
"Mellieħa - Triq il-Marfa","24/10/2023","01:00 - 02:00","15","79","0.189","0.08%"
"Mellieħa - Triq il-Marfa","24/10/2023","02:00 - 03:00","4","60","0.067","0.03%"
"Mellieħa - Triq il-Marfa","24/10/2023","03:00 - 04:00","15","89","0.169","0.07%"
"Mellieħa - Triq il-Marfa","24/10/2023","04:00 - 05:00","40","77","0.516","0.2%"
"Mellieħa - Triq il-Marfa","24/10/2023","05:00 - 06:00","133","71","1.871","0.7%"
"Mellieħa - Triq il-Marfa","24/10/2023","06:00 - 07:00","221","65","3.380","1%"
"Mellieħa - Triq il-Marfa","24/10/2023","07:00 - 08:00","356","70","5.098","2%"
"Mellieħa - Triq il-Marfa","24/10/2023","08:00 - 09:00","400","64","6.203","2%"
"Mellieħa - Triq il-Marfa","24/10/2023","09:00 - 10:00","451","67","6.754","3%"
"Mellieħa - Triq il-Marfa","24/10/2023","10:00 - 11:00","505","62","8.164","3%"
"Mellieħa - Triq il-Marfa","24/10/2023","11:00 - 12:00","541","61","8.844","4%"
"Mellieħa - Triq il-Marfa","24/10/2023","12:00 - 13:00","371","70","5.272","2%"
"Mellieħa - Triq il-Marfa","24/10/2023","13:00 - 14:00","380","68","5.599","2%"
"Mellieħa - Triq il-Marfa","24/10/2023","14:00 - 15:00","397","67","5.959","2%"
"Mellieħa - Triq il-Marfa","24/10/2023","15:00 - 16:00","447","67","6.688","3%"
"Mellieħa - Triq il-Marfa","24/10/2023","16:00 - 17:00","461","65","7.116","3%"
"Mellieħa - Triq il-Marfa","24/10/2023","17:00 - 18:00","419","69","6.074","2%"
"Mellieħa - Triq il-Marfa","24/10/2023","18:00 - 19:00","341","65","5.223","2%"
"Mellieħa - Triq il-Marfa","24/10/2023","19:00 - 20:00","220","71","3.088","1%"
"Mellieħa - Triq il-Marfa","24/10/2023","20:00 - 21:00","156","74","2.118","0.8%"
"Mellieħa - Triq il-Marfa","24/10/2023","21:00 - 22:00","116","68","1.699","0.7%"
"Mellieħa - Triq il-Marfa","24/10/2023","22:00 - 23:00","83","72","1.155","0.5%"
"Mellieħa - Triq il-Marfa","24/10/2023","23:00 - 24:00","58","72","0.803","0.3%"
"Mellieħa - Triq il-Marfa","25/10/2023","00:00 - 01:00","17","85","0.199","0.08%"
"Mellieħa - Triq il-Marfa","25/10/2023","01:00 - 02:00","14","73","0.191","0.08%"
"Mellieħa - Triq il-Marfa","25/10/2023","02:00 - 03:00","9","72","0.125","0.05%"
"Mellieħa - Triq il-Marfa","25/10/2023","03:00 - 04:00","14","79","0.178","0.07%"
"Mellieħa - Triq il-Marfa","25/10/2023","04:00 - 05:00","35","75","0.469","0.2%"
"Mellieħa - Triq il-Marfa","25/10/2023","05:00 - 06:00","121","71","1.711","0.7%"
"Mellieħa - Triq il-Marfa","25/10/2023","06:00 - 07:00","196","66","2.991","1%"
"Mellieħa - Triq il-Marfa","25/10/2023","07:00 - 08:00","324","67","4.858","2%"
"Mellieħa - Triq il-Marfa","25/10/2023","08:00 - 09:00","381","64","5.923","2%"
"Mellieħa - Triq il-Marfa","25/10/2023","09:00 - 10:00","411","66","6.238","2%"
"Mellieħa - Triq il-Marfa","25/10/2023","10:00 - 11:00","381","67","5.672","2%"
"Mellieħa - Triq il-Marfa","25/10/2023","11:00 - 12:00","410","67","6.135","2%"
"Mellieħa - Triq il-Marfa","25/10/2023","12:00 - 13:00","385","71","5.443","2%"
"Mellieħa - Triq il-Marfa","25/10/2023","13:00 - 14:00","353","71","4.992","2%"
"Mellieħa - Triq il-Marfa","25/10/2023","14:00 - 15:00","387","74","5.257","2%"
"Mellieħa - Triq il-Marfa","25/10/2023","15:00 - 16:00","394","68","5.773","2%"
"Mellieħa - Triq il-Marfa","25/10/2023","16:00 - 17:00","392","74","5.318","2%"
"Mellieħa - Triq il-Marfa","25/10/2023","17:00 - 18:00","399","74","5.363","2%"
"Mellieħa - Triq il-Marfa","25/10/2023","18:00 - 19:00","321","67","4.776","2%"
"Mellieħa - Triq il-Marfa","25/10/2023","19:00 - 20:00","229","76","3.026","1%"
"Mellieħa - Triq il-Marfa","25/10/2023","20:00 - 21:00","170","74","2.288","0.9%"
"Mellieħa - Triq il-Marfa","25/10/2023","21:00 - 22:00","117","79","1.478","0.6%"
"Mellieħa - Triq il-Marfa","25/10/2023","22:00 - 23:00","94","80","1.171","0.5%"
"Mellieħa - Triq il-Marfa","25/10/2023","23:00 - 24:00","72","78","0.924","0.4%"
"Mellieħa - Triq il-Marfa","26/10/2023","00:00 - 01:00","35","88","0.400","0.2%"
"Mellieħa - Triq il-Marfa","26/10/2023","01:00 - 02:00","13","88","0.147","0.06%"
"Mellieħa - Triq il-Marfa","26/10/2023","02:00 - 03:00","14","77","0.182","0.07%"
"Mellieħa - Triq il-Marfa","26/10/2023","03:00 - 04:00","17","83","0.204","0.08%"
"Mellieħa - Triq il-Marfa","26/10/2023","04:00 - 05:00","33","77","0.426","0.2%"
"Mellieħa - Triq il-Marfa","26/10/2023","05:00 - 06:00","116","66","1.748","0.7%"
"Mellieħa - Triq il-Marfa","26/10/2023","06:00 - 07:00","245","66","3.731","1%"
"Mellieħa - Triq il-Marfa","26/10/2023","07:00 - 08:00","316","70","4.535","2%"
"Mellieħa - Triq il-Marfa","26/10/2023","08:00 - 09:00","351","70","4.996","2%"
"Mellieħa - Triq il-Marfa","26/10/2023","09:00 - 10:00","282","64","4.392","2%"
"Mellieħa - Triq il-Marfa","26/10/2023","10:00 - 11:00","399","60","6.639","3%"
"Mellieħa - Triq il-Marfa","26/10/2023","11:00 - 12:00","488","64","7.626","3%"
"Mellieħa - Triq il-Marfa","26/10/2023","12:00 - 13:00","414","65","6.344","3%"
"Mellieħa - Triq il-Marfa","26/10/2023","13:00 - 14:00","336","71","4.757","2%"
"Mellieħa - Triq il-Marfa","26/10/2023","14:00 - 15:00","318","73","4.361","2%"
"Mellieħa - Triq il-Marfa","26/10/2023","15:00 - 16:00","407","73","5.577","2%"
"Mellieħa - Triq il-Marfa","26/10/2023","16:00 - 17:00","408","70","5.851","2%"
"Mellieħa - Triq il-Marfa","26/10/2023","17:00 - 18:00","444","61","7.278","3%"
"Mellieħa - Triq il-Marfa","26/10/2023","18:00 - 19:00","348","69","5.080","2%"
"Mellieħa - Triq il-Marfa","26/10/2023","19:00 - 20:00","263","72","3.631","1%"
"Mellieħa - Triq il-Marfa","26/10/2023","20:00 - 21:00","189","75","2.520","1%"
"Mellieħa - Triq il-Marfa","26/10/2023","21:00 - 22:00","116","82","1.406","0.6%"
"Mellieħa - Triq il-Marfa","26/10/2023","22:00 - 23:00","92","79","1.171","0.5%"
"Mellieħa - Triq il-Marfa","26/10/2023","23:00 - 24:00","68","84","0.809","0.3%"
"Mellieħa - Triq il-Marfa","27/10/2023","00:00 - 01:00","31","86","0.362","0.1%"
"Mellieħa - Triq il-Marfa","27/10/2023","01:00 - 02:00","11","83","0.132","0.05%"
"Mellieħa - Triq il-Marfa","27/10/2023","02:00 - 03:00","7","88","0.079","0.03%"
"Mellieħa - Triq il-Marfa","27/10/2023","03:00 - 04:00","19","108","0.175","0.07%"
"Mellieħa - Triq il-Marfa","27/10/2023","04:00 - 05:00","43","74","0.584","0.2%"
"Mellieħa - Triq il-Marfa","27/10/2023","05:00 - 06:00","175","76","2.315","0.9%"
"Mellieħa - Triq il-Marfa","27/10/2023","06:00 - 07:00","446","81","5.526","2%"
"Mellieħa - Triq il-Marfa","27/10/2023","07:00 - 08:00","581","96","6.042","2%"
"Mellieħa - Triq il-Marfa","27/10/2023","08:00 - 09:00","665","98","6.797","3%"
"Mellieħa - Triq il-Marfa","27/10/2023","09:00 - 10:00","725","96","7.515","3%"
"Mellieħa - Triq il-Marfa","27/10/2023","10:00 - 11:00","551","92","5.972","2%"
"Mellieħa - Triq il-Marfa","27/10/2023","11:00 - 12:00","333","94","3.526","1%"
"Mellieħa - Triq il-Marfa","27/10/2023","12:00 - 13:00","290","90","3.232","1%"
"Mellieħa - Triq il-Marfa","27/10/2023","13:00 - 14:00","392","97","4.029","2%"
"Mellieħa - Triq il-Marfa","27/10/2023","14:00 - 15:00","288","97","2.971","1%"
"Mellieħa - Triq il-Marfa","27/10/2023","15:00 - 16:00","323","98","3.282","1%"
"Mellieħa - Triq il-Marfa","27/10/2023","16:00 - 17:00","316","90","3.530","1%"
"Mellieħa - Triq il-Marfa","27/10/2023","17:00 - 18:00","340","95","3.587","1%"
"Mellieħa - Triq il-Marfa","27/10/2023","18:00 - 19:00","364","94","3.871","2%"
"Mellieħa - Triq il-Marfa","27/10/2023","19:00 - 20:00","301","93","3.222","1%"
"Mellieħa - Triq il-Marfa","27/10/2023","20:00 - 21:00","259","88","2.941","1%"
"Mellieħa - Triq il-Marfa","27/10/2023","21:00 - 22:00","263","90","2.908","1%"
"Mellieħa - Triq il-Marfa","27/10/2023","22:00 - 23:00","204","96","2.125","0.8%"
"Mellieħa - Triq il-Marfa","27/10/2023","23:00 - 24:00","257","104","2.462","1.0%"
"Mellieħa - Triq il-Marfa","28/10/2023","00:00 - 01:00","122","100","1.221","0.5%"
"Mellieħa - Triq il-Marfa","28/10/2023","01:00 - 02:00","76","101","0.750","0.3%"
"Mellieħa - Triq il-Marfa","28/10/2023","02:00 - 03:00","42","95","0.444","0.2%"
"Mellieħa - Triq il-Marfa","28/10/2023","03:00 - 04:00","64","104","0.617","0.2%"
"Mellieħa - Triq il-Marfa","28/10/2023","04:00 - 05:00","69","100","0.688","0.3%"
"Mellieħa - Triq il-Marfa","28/10/2023","05:00 - 06:00","157","93","1.680","0.7%"
"Mellieħa - Triq il-Marfa","28/10/2023","06:00 - 07:00","340","101","3.378","1%"
"Mellieħa - Triq il-Marfa","28/10/2023","07:00 - 08:00","425","98","4.346","2%"
"Mellieħa - Triq il-Marfa","28/10/2023","08:00 - 09:00","207","109","1.900","0.8%"
"Mellieħa - Triq il-Marfa","28/10/2023","09:00 - 10:00","300","98","3.050","1%"
"Mellieħa - Triq il-Marfa","28/10/2023","10:00 - 11:00","277","97","2.862","1%"
"Mellieħa - Triq il-Marfa","28/10/2023","11:00 - 12:00","279","96","2.908","1%"
"Mellieħa - Triq il-Marfa","28/10/2023","12:00 - 13:00","247","96","2.577","1%"
"Mellieħa - Triq il-Marfa","28/10/2023","13:00 - 14:00","196","100","1.959","0.8%"
"Mellieħa - Triq il-Marfa","28/10/2023","14:00 - 15:00","220","98","2.245","0.9%"
"Mellieħa - Triq il-Marfa","28/10/2023","15:00 - 16:00","269","93","2.899","1%"
"Mellieħa - Triq il-Marfa","28/10/2023","16:00 - 17:00","276","74","3.721","1%"
"Mellieħa - Triq il-Marfa","28/10/2023","17:00 - 18:00","320","68","4.676","2%"
"Mellieħa - Triq il-Marfa","28/10/2023","18:00 - 19:00","289","90","3.197","1%"
"Mellieħa - Triq il-Marfa","28/10/2023","19:00 - 20:00","252","92","2.731","1%"
"Mellieħa - Triq il-Marfa","28/10/2023","20:00 - 21:00","207","94","2.213","0.9%"
"Mellieħa - Triq il-Marfa","28/10/2023","21:00 - 22:00","244","92","2.657","1%"
"Mellieħa - Triq il-Marfa","28/10/2023","22:00 - 23:00","222","95","2.342","0.9%"
"Mellieħa - Triq il-Marfa","28/10/2023","23:00 - 24:00","205","96","2.134","0.9%"
"Mellieħa - Triq il-Marfa","29/10/2023","00:00 - 01:00","108","98","1.107","0.4%"
"Mellieħa - Triq il-Marfa","29/10/2023","01:00 - 02:00","79","100","0.787","0.3%"
"Mellieħa - Triq il-Marfa","29/10/2023","02:00 - 03:00","50","106","0.472","0.2%"
"Mellieħa - Triq il-Marfa","29/10/2023","02:00 - 03:00","39","106","0.369","0.1%"
"Mellieħa - Triq il-Marfa","29/10/2023","03:00 - 04:00","57","97","0.589","0.2%"
"Mellieħa - Triq il-Marfa","29/10/2023","04:00 - 05:00","93","98","0.953","0.4%"
"Mellieħa - Triq il-Marfa","29/10/2023","05:00 - 06:00","171","98","1.744","0.7%"
"Mellieħa - Triq il-Marfa","29/10/2023","06:00 - 07:00","239","100","2.379","1.0%"
"Mellieħa - Triq il-Marfa","29/10/2023","07:00 - 08:00","204","108","1.890","0.8%"
"Mellieħa - Triq il-Marfa","29/10/2023","08:00 - 09:00","256","99","2.595","1%"
"Mellieħa - Triq il-Marfa","29/10/2023","09:00 - 10:00","261","100","2.611","1%"
"Mellieħa - Triq il-Marfa","29/10/2023","10:00 - 11:00","236","90","2.609","1%"
"Mellieħa - Triq il-Marfa","29/10/2023","11:00 - 12:00","207","87","2.393","1.0%"
"Mellieħa - Triq il-Marfa","29/10/2023","12:00 - 13:00","256","76","3.388","1%"
"Mellieħa - Triq il-Marfa","29/10/2023","13:00 - 14:00","224","84","2.679","1%"
"Mellieħa - Triq il-Marfa","29/10/2023","14:00 - 15:00","248","81","3.061","1%"
"Mellieħa - Triq il-Marfa","30/10/2023","16:00 - 17:00","708","98","7.261","3%"
"Mellieħa - Triq il-Marfa","30/10/2023","17:00 - 18:00","881","89","9.904","4%"
"Mellieħa - Triq il-Marfa","30/10/2023","18:00 - 19:00","545","98","5.584","2%"
"Mellieħa - Triq il-Marfa","30/10/2023","19:00 - 20:00","398","99","4.017","2%"
"Mellieħa - Triq il-Marfa","30/10/2023","20:00 - 21:00","261","103","2.539","1%"
"Mellieħa - Triq il-Marfa","30/10/2023","21:00 - 22:00","185","102","1.810","0.7%"
"Mellieħa - Triq il-Marfa","30/10/2023","22:00 - 23:00","102","109","0.938","0.4%"
"Mellieħa - Triq il-Marfa","30/10/2023","23:00 - 24:00","89","116","0.769","0.3%"
"Mellieħa - Triq il-Marfa","31/10/2023","00:00 - 01:00","31","109","0.285","0.1%"
"Mellieħa - Triq il-Marfa","31/10/2023","01:00 - 02:00","20","136","0.147","0.06%"
"Mellieħa - Triq il-Marfa","31/10/2023","02:00 - 03:00","18","98","0.184","0.07%"
"Mellieħa - Triq il-Marfa","31/10/2023","03:00 - 04:00","39","111","0.350","0.1%"
"Mellieħa - Triq il-Marfa","31/10/2023","04:00 - 05:00","118","104","1.140","0.5%"
"Mellieħa - Triq il-Marfa","31/10/2023","05:00 - 06:00","252","94","2.677","1%"
"Mellieħa - Triq il-Marfa","31/10/2023","06:00 - 07:00","631","104","6.040","2%"
"Mellieħa - Triq il-Marfa","31/10/2023","07:00 - 08:00","690","99","6.978","3%"
"Mellieħa - Triq il-Marfa","31/10/2023","08:00 - 09:00","764","99","7.746","3%"
"Mellieħa - Triq il-Marfa","31/10/2023","09:00 - 10:00","890","95","9.337","4%"
"Mellieħa - Triq il-Marfa","31/10/2023","10:00 - 11:00","928","92","10.077","4%"
"Mellieħa - Triq il-Marfa","31/10/2023","11:00 - 12:00","885","96","9.260","4%"
"Mellieħa - Triq il-Marfa","31/10/2023","12:00 - 13:00","793","96","8.227","3%"
"Mellieħa - Triq il-Marfa","31/10/2023","13:00 - 14:00","768","78","9.894","4%"
"Mellieħa - Triq il-Marfa","31/10/2023","14:00 - 15:00","844","71","11.962","5%"
"Mellieħa - Triq il-Marfa","31/10/2023","15:00 - 16:00","905","68","13.222","5%"
"Mellieħa - Triq il-Marfa","31/10/2023","16:00 - 17:00","1048","74","14.129","6%"
"Mellieħa - Triq il-Marfa","31/10/2023","17:00 - 18:00","982","70","14.108","6%"
"Mellieħa - Triq il-Marfa","31/10/2023","18:00 - 19:00","541","48","11.220","4%"
"Mellieħa - Triq il-Marfa","31/10/2023","19:00 - 20:00","467","52","8.935","4%"
"Mellieħa - Triq il-Marfa","31/10/2023","20:00 - 21:00","312","50","6.217","2%"
"Mellieħa - Triq il-Marfa","31/10/2023","21:00 - 22:00","234","51","4.600","2%"
"Mellieħa - Triq il-Marfa","31/10/2023","22:00 - 23:00","156","50","3.104","1%"
"Mellieħa - Triq il-Marfa","31/10/2023","23:00 - 24:00","97","58","1.687","0.7%"